time;glass_temp_zone1;glass_temp_zone2;glass_temp_zone3;glass_temp_zone4;RPM;energy_equivalent;batch;recipe;pressing_pressure;pressing_time;geometry_name;glass_ID;cycle_time;temp_chamber05;temp_chamber07;temp_chamber09;temp_chamber11;temp_chamber13;temp_chamber15;temp_chamber17;regulation_temp
12/02/2021 01:00:00;650,6798787878787;634,385054945055;603,9992307692307;614,9492727272727;3000;153,2161056563067;Batch-1;Recipe-A;190,0;70,0;Center Q1;2006241241588178;2450,0;586,7391304347826;609,4782608695652;637,2608695652174;629,304347826087;623,3333333333334;620,5714285714286;608,0434782608696;466,1000061035156
12/02/2021 01:00:24;650,3067272727274;634,3490109890108;603,4520879120879;613,8676363636364;3000;153,04881910334112;Batch-1;Recipe-A;190,0;70,0;Center Q1;2006241243538183;2450,0;581,75;606,36;636,4583333333334;629,92;623,0869565217391;620,2916666666666;608,2083333333334;465,0
12/02/2021 01:02:01;652,5601212121213;636,6882417582417;603,6421428571429;613,6284848484847;3000;153,31052239873088;Batch-1;Recipe-A;190,0;70,0;Center Q1;2006241312068268;2450,0;585,2272727272727;604,7083333333334;635,0434782608696;628,2083333333334;623,4166666666666;619,4583333333334;608,0;462,7999877929688
12/02/2021 01:02:48;654,3355151515153;638,5930769230769;603,9260989010991;614,6537575757576;3000;152,301216573027;Batch-1;Recipe-A;190,0;70,0;Center Q1;2006241311298266;2430,0;592,6521739130435;608,2608695652174;637,6521739130435;630,4583333333334;624,8333333333334;619,695652173913;607,9130434782609;464,5
12/02/2021 01:03:11;;639,4046703296705;604,5736813186812;615,1909090909091;3000;152,48165768001996;Batch-1;Recipe-A;190,0;70,0;Center Q1;2006241311088265;2430,0;595,28;609,3333333333334;638,304347826087;630,8695652173913;625,304347826087;619,1304347826087;607,5833333333334;465,6000061035156
12/02/2021 01:03:58;655,0037575757575;639,098021978022;604,1509340659339;614,79;3000;152,4167867085914;Batch-1;Recipe-A;190,0;70,0;Center Q1;2006241310318263;2430,0;599,5;611,0;639,6086956521739;632,0;626,0;619,6666666666666;607,2727272727273;466,8999938964844
12/02/2021 01:04:21;;639,7814285714286;604,294010989011;614,5664848484847;3000;152,44244245564437;Batch-1;Recipe-A;190,0;70,0;Center Q1;2006241312448270;2430,0;599,4166666666666;611,6666666666666;639,0;632,0;626,0;619,0;607,2173913043479;467,1000061035156
12/02/2021 01:05:08;654,3608484848485;638,5281868131867;603,4342307692307;613,9362424242424;3000;150,367591014319;Batch-1;Recipe-A;190,0;70,0;Center Q1;2006241313378273;2400,0;599,0;612,9583333333334;640,0;632,5833333333334;626,4545454545455;619,0;607,0;467,5
12/02/2021 01:06:20;;637,1823076923077;601,963076923077;612,2392121212122;3000;150,05877311399715;Batch-1;Recipe-A;190,0;70,0;Center Q1;2006241315128278;2400,0;596,6086956521739;612,1363636363636;640,12;632,304347826087;626,5217391304348;618,0;606,0;468,5
12/02/2021 01:07:08;652,2546666666666;636,5647802197801;601,632967032967;611,5916363636362;3000;149,89449834077035;Batch-1;Recipe-A;190,0;70,0;Center Q1;2006241313588274;2400,0;596,3636363636364;613,0;640,75;632,1304347826087;626,6363636363636;617,2173913043479;605,0;468,7000122070313
12/02/2021 01:08:40;651,8151515151516;636,4760439560439;601,2738461538461;611,0652727272727;3000;147,94550253823954;Batch-1;Recipe-A;190,0;70,0;Center Q1;2006241309548261;2370,0;595,5833333333334;611,1739130434783;638,4583333333334;631,7826086956521;626,0;616,75;604,0;470,0
12/02/2021 01:09:04;652,1297575757576;636,5953846153848;601,2839560439561;611,1293333333333;3000;147,9516532042957;Batch-1;Recipe-A;190,0;70,0;Center Q1;2006241309388260;2370,0;595,5217391304348;610,7391304347826;638,0;631,1666666666666;626,0;616,1304347826087;604,0;470,2000122070313
12/02/2021 01:10:15;;637,1654395604396;601,0856593406593;610,8040606060606;3000;146,7418776900507;Batch-1;Recipe-A;190,0;70,0;Center Q1;2006241308418257;2350,0;596,375;611,0;637,5238095238095;631,0;625,7272727272727;616,0;603,0;470,5
12/02/2021 01:11:01;0,0;637,2225274725274;601,2163186813186;610,9129090909091;3000;146,7692265756466;Batch-1;Recipe-A;190,0;70,0;Center Q1;2006241308088255;2350,0;598,0;611,25;638,0;631,6521739130435;625,1363636363636;616,0;603,0;470,2000122070313
12/02/2021 01:11:48;653,8123030303029;638,3401648351647;601,3490659340661;611,2010303030303;3000;146,92630295807894;Batch-1;Recipe-A;190,0;70,0;Center Q1;2006241307258253;2350,0;598,9130434782609;611,5652173913044;639,2608695652174;631,9565217391304;625,7391304347826;616,5217391304348;603,0;471,0
12/02/2021 01:12:35;653,7620000000002;637,9135714285715;601,5082417582418;611,3650909090909;3000;146,93427441336442;Batch-1;Recipe-A;190,0;70,0;Center Q1;2006241306488251;2350,0;599,0;612,2608695652174;638,8571428571429;632,0;626,0;616,0;603,0;470,7000122070313
12/02/2021 01:14:34;653,4002424242424;637,149065934066;601,5681868131869;611,7114545454547;3000;146,9601755956636;Batch-1;Recipe-A;190,0;70,0;Center Q1;2006241315298279;2350,0;599,0;612,1363636363636;639,3478260869565;632,2916666666666;626,2916666666666;616,0;602,0;470,8999938964844
12/02/2021 01:15:43;654,3802424242424;638,020054945055;601,7088461538463;611,9109696969698;3000;147,03170148669847;Batch-1;Recipe-A;190,0;70,0;Center Q1;2006241422168283;2350,0;599,0;612,0;639,0;632,6086956521739;626,5833333333334;616,0;602,0;470,2000122070313
12/02/2021 01:16:07;;638,1895604395604;601,4921978021978;611,9318787878788;3000;147,0373761754357;Batch-1;Recipe-A;190,0;70,0;Center Q1;2006241422498285;2350,0;599,8260869565217;613,0;639,2857142857142;633,4782608695652;627,0;616,5238095238095;601,6666666666666;470,2000122070313
12/02/2021 01:16:32;654,3516363636362;638,0270879120881;601,99;612,0392121212121;3000;147,0416611983202;Batch-1;Recipe-A;190,0;70,0;Center Q1;2006241423058286;2350,0;600,0;613,0;640,0;633,7272727272727;627,0;617,0;601,1304347826087;470,2000122070313
12/02/2021 01:16:55;654,5071515151516;639,1353846153845;602,1433516483515;612,1781818181818;3000;147,08261775600326;Batch-1;Recipe-A;190,0;70,0;Center Q1;2006241423218287;2350,0;599,7083333333334;613,0;640,0;633,6666666666666;627,0;617,0833333333334;601,5;470,7000122070313
12/02/2021 01:17:18;654,8253333333333;638,9057692307692;602,1256593406594;612,1867878787879;3000;147,127227484201;Batch-1;Recipe-A;190,0;70,0;Center Q1;2006241423548289;2350,0;599,6363636363636;613,1739130434783;640,0;633,4347826086956;627,0;617,0;602,0;470,8999938964844
12/02/2021 01:17:42;654,5138787878788;638,4320879120878;602,6254395604395;612,2236363636364;3000;147,0868954942095;Batch-1;Recipe-A;190,0;70,0;Center Q1;2006241424118290;2350,0;599,5;613,0;640,0;633,0;627,3333333333334;617,0;602,0;471,1000061035156
12/02/2021 01:18:05;654,6055151515153;639,0106593406592;601,9755494505495;611,8079393939394;3000;147,09847971517374;Batch-1;Recipe-A;190,0;70,0;Center Q1;2006241424438292;2350,0;599,0;613,0;639,9090909090909;633,55;627,7727272727273;617,0;602,0;471,1000061035156
12/02/2021 01:18:28;654,7649090909091;639,0374725274726;602,1585164835165;612,3643636363636;3000;147,09209435120434;Batch-1;Recipe-A;190,0;70,0;Center Q1;2006241425008293;2350,0;599,4583333333334;613,304347826087;640,1904761904761;633,8260869565217;628,0;617,0;602,0;471,2999877929688
12/02/2021 01:18:52;654,7073333333334;638,9036813186813;601,7423076923077;611,9764848484847;3000;147,07049461405262;Batch-1;Recipe-A;190,0;70,0;Center Q1;2006241425328295;2350,0;599,6086956521739;613,5217391304348;641,2380952380953;634,0;627,75;617,0;602,0;470,8999938964844
12/02/2021 01:19:16;655,0331515151515;638,9633516483517;602,0076373626373;612,4630303030302;3000;147,18535717532467;Batch-1;Recipe-A;190,0;70,0;Center Q1;2006241425498296;2350,0;599,3913043478261;614,0;641,75;634,2857142857142;628,0;617,0;602,0;470,8999938964844
12/02/2021 01:19:40;654,8512727272728;638,9593956043958;602,0406043956042;612,3369696969697;3000;147,13530919306618;Batch-1;Recipe-A;190,0;70,0;Center Q1;2006241426218298;2350,0;600,0;614,0;641,9047619047619;634,6086956521739;628,0;617,0;602,0;470,8999938964844
12/02/2021 01:20:02;654,7596363636362;638,7603296703297;602,0276373626374;612,1910303030303;3000;147,1020428062678;Batch-1;Recipe-A;190,0;70,0;Center Q1;2006241426058297;2350,0;600,3181818181819;613,5416666666666;641,4545454545455;634,4761904761905;628,0;617,0;602,0;471,0
12/02/2021 01:20:26;;638,774010989011;601,9977472527472;611,9805454545453;3000;147,1025017792578;Batch-1;Recipe-A;190,0;70,0;Center Q1;2006241425168294;2350,0;599,7391304347826;613,1818181818181;640,5909090909091;634,0;627,1304347826087;617,0;602,0;471,1000061035156
12/02/2021 01:20:49;654,9906666666667;639,3012637362638;601,8012087912088;612,4727272727273;3000;147,166618508177;Batch-1;Recipe-A;190,0;70,0;Center Q1;2006241424278291;2350,0;599,0;613,3181818181819;640,5454545454545;634,4285714285714;627,5217391304348;617,35;602,0;471,1000061035156
12/02/2021 01:21:13;654,967212121212;638,949010989011;601,8845054945056;612,4476363636362;3000;146,4968334874459;Batch-1;Recipe-A;190,0;70,0;Center Q1;2006241423388288;2340,0;599,8695652173913;614,0;641,5;634,5652173913044;628,0;617,0454545454545;602,0;471,2999877929688
12/02/2021 01:21:36;654,5843636363636;638,6371428571429;601,9820879120879;612,1843636363636;3000;146,4703319402597;Batch-1;Recipe-A;190,0;70,0;Center Q1;2006241422328284;2340,0;600,0;614,0;641,7272727272727;634,8571428571429;628,0;617,0;602,0;471,5
12/02/2021 01:22:00;;637,2820879120878;601,8052747252748;612,146;3000;146,36908247532472;Batch-1;Recipe-A;190,0;70,0;Center Q1;2006241426388299;2340,0;599,5833333333334;614,0;642,0;634,1818181818181;628,0;617,0;602,0;471,2999877929688
12/02/2021 01:22:22;654,0643636363636;638,4610989010988;601,2334065934066;611,4333939393938;3000;146,35145616277055;Batch-1;Recipe-A;190,0;70,0;Center Q1;2006241429078301;2340,0;599,2727272727273;614,0;642,0;634,0;628,0;616,9565217391304;602,0416666666666;470,5
12/02/2021 01:22:46;654,1515151515151;638,6091758241757;601,5752747252748;611,6850909090911;3000;146,35527316450214;Batch-1;Recipe-A;190,0;70,0;Center Q1;2006241429238302;2340,0;599,5;614,0;642,0;634,3;628,0;616,7727272727273;602,0;470,5
12/02/2021 01:23:10;653,8823030303031;637,9463736263735;601,4406593406593;611,479696969697;3000;146,36057174285713;Batch-1;Recipe-A;190,0;70,0;Center Q1;2006241429398303;2340,0;599,304347826087;613,2173913043479;642,05;634,4347826086956;627,9130434782609;617,0;602,0;470,5
12/02/2021 01:23:33;653,8875151515151;638,0712087912087;600,7664835164835;611,1857575757575;3000;146,27666543116882;Batch-1;Recipe-A;190,0;70,0;Center Q1;2006241429568304;2340,0;599,4583333333334;613,2272727272727;641,95;634,0;628,0;617,0;602,0;470,8999938964844
12/02/2021 01:23:56;654,2040000000002;638,4539560439559;601,2747252747253;611,4179393939394;3000;146,34397846926407;Batch-1;Recipe-A;190,0;70,0;Center Q1;2006241430288306;2340,0;599,4347826086956;613,4090909090909;641,0;634,0;628,0;616,9090909090909;602,0;470,8999938964844
12/02/2021 01:24:19;653,8614545454545;637,7476923076922;600,7646703296703;611,3926060606061;3000;145,98788800493767;Batch-1;Recipe-A;190,0;70,0;Center Q1;2006241430458307;2335,0;599,0;613,0;641,2727272727273;634,2380952380953;628,0;617,0;602,0;470,8999938964844
12/02/2021 01:24:42;;638,520054945055;601,3745604395605;611,7956363636364;3000;146,07757560634738;Batch-1;Recipe-A;190,0;70,0;Center Q1;2006241431018308;2335,0;599,0;613,0;641,7272727272727;634,0;628,0;617,0;602,0;470,8999938964844
12/02/2021 01:25:05;;638,1562087912088;601,4764835164835;611,6041212121213;3000;146,0520177652274;Batch-1;Recipe-A;190,0;70,0;Center Q1;2006241431378310;2335,0;598,6666666666666;613,0434782608696;641,1;634,0;628,0;617,0;602,0;471,1000061035156
12/02/2021 01:25:29;654,0813939393938;638,3638461538461;600,8827472527473;611,3033333333333;3000;146,0149725889222;Batch-1;Recipe-A;190,0;70,0;Center Q1;2006241432148312;2335,0;598,7826086956521;613,0434782608696;640,9130434782609;633,6666666666666;627,7272727272727;617,0;602,0;471,2999877929688
12/02/2021 01:25:51;654,6761818181818;638,8223076923077;601,2252197802197;611,5981212121213;3000;146,07874189422435;Batch-1;Recipe-A;190,0;70,0;Center Q1;2006241432308313;2335,0;599,0;613,6818181818181;641,0;634,0;628,0;617,0;602,0;471,5
12/02/2021 01:26:16;653,9341818181817;638,0808241758243;601,4967582417582;611,5799393939394;3000;146,06547394162135;Batch-1;Recipe-A;190,0;70,0;Center Q1;2006241432518314;2335,0;599,0;613,2083333333334;640,8636363636364;633,8421052631579;628,0;617,1;602,0;471,7000122070313
12/02/2021 01:26:39;654,4546666666666;638,9156043956042;601,6527472527473;611,4934545454545;3000;146,1002451992526;Batch-1;Recipe-A;190,0;70,0;Center Q1;2006241433128315;2335,0;599,0454545454545;613,1304347826087;640,4545454545455;633,6363636363636;628,0;617,0;602,0;471,1000061035156
12/02/2021 01:27:02;654,5232727272727;638,4935164835165;601,3137912087913;611,5924242424243;3000;146,06323838495763;Batch-1;Recipe-A;190,0;70,0;Center Q1;2006241433298316;2335,0;599,875;613,6521739130435;640,6666666666666;634,0;628,0;617,0;602,1304347826087;471,5
12/02/2021 01:27:26;654,9593333333332;639,3920329670331;601,8330769230769;612,366606060606;3000;146,2002270274799;Batch-1;Recipe-A;190,0;70,0;Center Q1;2006241434068318;2335,0;600,0;613,4090909090909;640,5238095238095;633,7727272727273;627,7826086956521;616,8421052631579;602,8;471,8999938964844
12/02/2021 01:28:13;654,5431515151515;638,3717582417582;601,979010989011;611,8361818181818;3000;146,1359171429386;Batch-1;Recipe-A;190,0;70,0;Center Q1;2006241434438320;2335,0;601,0;614,047619047619;642,3478260869565;634,5217391304348;628,1904761904761;617,3684210526316;603,0;471,8999938964844
12/02/2021 01:28:36;655,0213333333334;638,8205494505494;602,0964835164835;612,1211515151515;3000;146,2056761357772;Batch-1;Recipe-A;190,0;70,0;Center Q1;2006241435208322;2335,0;601,0;614,304347826087;641,25;634,6521739130435;628,0;617,0;602,2727272727273;471,8999938964844
12/02/2021 01:29:00;655,3642424242424;639,616978021978;602,2111538461537;612,2878181818182;3000;146,24540740011471;Batch-1;Recipe-A;190,0;70,0;Center Q1;2006241435378323;2335,0;600,9090909090909;614,3181818181819;641,3636363636364;634,6842105263157;628,4;617,047619047619;602,0;471,8999938964844
12/02/2021 01:29:23;655,2463636363636;639,5882417582417;601,8719780219782;612,1410909090911;3000;146,21575832399824;Batch-1;Recipe-A;190,0;70,0;Center Q1;2006241435588324;2335,0;601,0;614,35;642,0;634,8695652173913;628,2173913043479;617,0;602,0;471,7000122070313
12/02/2021 01:29:46;654,9669696969697;639,3926923076923;601,6565384615384;612,008303030303;3000;146,15675653110225;Batch-1;Recipe-A;190,0;70,0;Center Q1;2006241436148325;2335,0;600,5454545454545;614,304347826087;641,7619047619047;634,6666666666666;628,2105263157895;617,4347826086956;602,0;471,8999938964844
12/02/2021 01:30:33;;638,796923076923;602,1296703296704;612,3375757575758;3000;146,19318120666554;Batch-1;Recipe-A;190,0;70,0;Center Q1;2006241437128328;2335,0;599,5217391304348;614,0;641,0;634,5882352941177;628,3913043478261;617,45;602,0;472,3999938964844
12/02/2021 01:30:56;655,228303030303;640,1044505494506;602,1192857142858;611,9124848484847;3000;146,23966971235802;Batch-1;Recipe-A;190,0;70,0;Center Q1;2006241437288329;2335,0;598,9130434782609;614,0;641,0;634,6086956521739;628,2272727272727;617,6818181818181;602,0;472,3999938964844
12/02/2021 01:31:21;655,1018787878787;639,461043956044;601,8091758241757;612,0849696969698;3000;146,16412478097087;Batch-1;Recipe-A;190,0;70,0;Center Q1;2006241437498330;2335,0;599,0;613,75;641,0;634,5454545454545;628,0;617,8095238095239;602,0;472,2000122070313
12/02/2021 01:31:43;654,6558787878787;639,6162087912087;601,4242857142857;611,6933333333334;3000;146,1767674646872;Batch-1;Recipe-A;190,0;70,0;Center Q1;2006241438278332;2335,0;599,0833333333334;613,6521739130435;640,9090909090909;634,5714285714286;628,3913043478261;617,8095238095239;602,0;471,8999938964844
12/02/2021 01:32:07;654,6443636363638;639,0886263736264;601,7839010989011;611,8245454545455;3000;146,14850581417474;Batch-1;Recipe-A;190,0;70,0;Center Q1;2006241438438333;2335,0;599,3684210526316;614,0;640,9090909090909;634,5652173913044;629,0;618,0;602,0;471,7000122070313
12/02/2021 01:32:30;654,8473939393939;639,416978021978;602,0517582417583;611,9336363636362;3000;146,16413509395235;Batch-1;Recipe-A;190,0;70,0;Center Q1;2006241439048334;2335,0;599,9545454545455;614,0;641,6666666666666;634,8636363636364;628,75;617,8095238095239;602,0;471,2000122070313
12/02/2021 01:32:54;654,5230303030303;638,7017582417583;602,0401098901099;611,7307878787879;3000;146,1290631796925;Batch-1;Recipe-A;190,0;70,0;Center Q1;2006241439418336;2335,0;599,55;613,7826086956521;641,9090909090909;635,3478260869565;628,9545454545455;617,304347826087;602,0;470,7000122070313
12/02/2021 01:33:17;654,66;639,3408241758243;601,6230219780218;611,5752727272727;3000;146,09781306266513;Batch-1;Recipe-A;190,0;70,0;Center Q1;2006241439578337;2335,0;599,8260869565217;613,8571428571429;641,5;634,8260869565217;628,5;617,1818181818181;602,0;470,8999938964844
12/02/2021 01:33:41;654,1183636363637;638,4621978021977;601,6693956043956;611,5095151515151;3000;146,02706540679137;Batch-1;Recipe-A;190,0;70,0;Center Q1;2006241440188338;2335,0;599,5652173913044;613,5652173913044;640,8695652173913;634,0;628,304347826087;617,0;602,0;471,2000122070313
12/02/2021 01:34:03;653,811393939394;638,2025274725274;600,9415384615385;610,8244242424242;3000;145,94912939116998;Batch-1;Recipe-A;190,0;70,0;Center Q1;2006241440358339;2335,0;599,9545454545455;613,9130434782609;640,0;633,5;629,0;617,0;602,0;471,3999938964844
12/02/2021 01:34:26;653,7798787878787;638,0565934065934;601,156978021978;611,1898787878787;3000;145,93718549337513;Batch-1;Recipe-A;190,0;70,0;Center Q1;2006241440558340;2335,0;600,0;614,0;640,6363636363636;633,7727272727273;628,6086956521739;617,0;602,0;471,7000122070313
12/02/2021 01:34:50;654,1719393939394;638,6980769230769;600,8537362637363;611,0338181818182;3000;145,96460229929698;Batch-1;Recipe-A;190,0;70,0;Center Q1;2006241441348342;2335,0;600,1739130434783;614,0;641,15;634,15;628,2173913043479;616,3181818181819;601,9130434782609;472,0
12/02/2021 01:35:14;654,5210909090911;638,5946153846154;601,5054945054945;611,6428484848484;3000;146,08132654664968;Batch-1;Recipe-A;190,0;70,0;Center Q1;2006241441518343;2335,0;600,695652173913;614,0;641,7142857142858;634,0;628,3181818181819;617,0;602,0;471,8999938964844
12/02/2021 01:36:01;654,7107272727272;639,2989560439562;601,8076373626374;611,6421212121213;3000;146,13593061106857;Batch-1;Recipe-A;190,0;70,0;Center Q1;2006241442478346;2335,0;600,6363636363636;614,4782608695652;641,2272727272727;635,0;628,4782608695652;617,0;602,0;472,0
12/02/2021 01:36:24;654,9435151515153;639,4237912087913;602,0765384615385;612,0613333333333;3000;146,1577496607633;Batch-1;Recipe-A;190,0;70,0;Center Q1;2006241443048347;2335,0;600,3181818181819;614,0952380952381;640,0454545454545;635,0;628,0434782608696;617,304347826087;602,0;471,7000122070313
12/02/2021 01:36:48;654,4755151515153;638,600054945055;602,3764835164835;612,024;3000;146,14927869511416;Batch-1;Recipe-A;190,0;70,0;Center Q1;2006241443248348;2335,0;600,0;614,0;640,4761904761905;634,8333333333334;628,4347826086956;617,6521739130435;602,0;471,2999877929688
12/02/2021 01:37:10;654,5241212121213;638,8712087912087;601,8244505494506;611,7392121212122;3000;146,10747684293855;Batch-1;Recipe-A;190,0;70,0;Center Q1;2006241443418349;2335,0;600,0;614,0;641,45;635,0;628,9130434782609;617,5454545454545;602,0;470,8999938964844
12/02/2021 01:37:34;654,4375757575758;638,7338461538462;601,9517032967034;611,8634545454545;3000;146,11505436330523;Batch-1;Recipe-A;190,0;70,0;Center Q1;2006241444028350;2335,0;599,6521739130435;614,3636363636364;641,0;634,8260869565217;628,7727272727273;617,3181818181819;602,0;470,8999938964844
12/02/2021 01:37:58;654,6264242424243;638,6617032967033;602,2115384615385;612,3470303030302;3000;146,14908660427903;Batch-1;Recipe-A;190,0;70,0;Center Q1;2006241444398352;2335,0;599,4090909090909;614,0869565217391;641,3333333333334;634,6086956521739;629,0;617,7391304347826;602,0;470,7000122070313
12/02/2021 01:38:20;654,3197575757576;638,3137362637362;601,5075824175824;611,6154545454547;3000;146,0572581162134;Batch-1;Recipe-A;190,0;70,0;Center Q1;2006241444558353;2335,0;599,0;614,0;641,695652173913;634,6363636363636;629,0;617,1739130434783;602,0909090909091;470,7000122070313
12/02/2021 01:38:43;654,6818181818181;639,1071978021979;602,2190659340661;612,0173333333332;3000;146,15942418587895;Batch-1;Recipe-A;190,0;70,0;Center Q1;2006241445328355;2335,0;599,304347826087;614,0;641,6521739130435;634,9090909090909;629,0;617,5454545454545;602,4583333333334;470,2000122070313
12/02/2021 01:39:08;653,9159999999998;638,4528021978023;601,7949450549452;611,6404848484849;3000;146,08010790421432;Batch-1;Recipe-A;190,0;70,0;Center Q1;2006241445538356;2335,0;599,1363636363636;614,0;642,4090909090909;635,0454545454545;629,0;617,2857142857142;602,5;470,2000122070313
12/02/2021 01:39:31;654,5835151515151;638,9479670329672;601,5521978021977;611,6531515151515;3000;146,10427169668296;Batch-1;Recipe-A;190,0;70,0;Center Q1;2006241446138357;2335,0;599,4166666666666;614,0;642,0454545454545;634,8260869565217;629,0;617,0;602,304347826087;469,6000061035156
12/02/2021 01:39:54;654,9258787878787;639,2905494505495;602,3636263736264;611,9013333333334;3000;146,18491367811816;Batch-1;Recipe-A;190,0;70,0;Center Q1;2006241446318358;2335,0;599,6086956521739;614,2727272727273;641,2272727272727;634,0;629,0;617,0;602,0;469,2000122070313
12/02/2021 01:40:17;;638,541043956044;601,7034065934066;611,9732727272727;3000;146,1366034361305;Batch-1;Recipe-A;190,0;70,0;Center Q1;2006241446478359;2335,0;600,0;614,0;641,4347826086956;634,5909090909091;629,0;617,4347826086956;602,0;469,1000061035156
12/02/2021 01:40:42;655,0264848484849;639,3501648351647;602,5294505494506;612,3513939393938;3000;146,25733826002704;Batch-1;Recipe-A;190,0;70,0;Center Q1;2006241447088360;2335,0;599,5909090909091;614,2727272727273;642,0;634,8636363636364;629,0;618,0;602,1818181818181;469,3999938964844
12/02/2021 01:41:04;654,8193333333332;638,6376923076923;602,3441208791209;612,4438787878787;3000;146,21007773648208;Batch-1;Recipe-A;190,0;70,0;Center Q1;2006241447458362;2335,0;599,4545454545455;614,0;641,5;634,625;629,0;618,0;603,0;469,6000061035156
12/02/2021 01:41:28;655,4787878787879;639,8762637362637;602,063956043956;612,3154545454546;3000;146,2410086685907;Batch-1;Recipe-A;190,0;70,0;Center Q1;2006241448018363;2335,0;599,0909090909091;614,0;641,0909090909091;634,5;628,7619047619047;618,0;603,0;470,2000122070313
12/02/2021 01:41:53;655,5187272727272;639,8289560439559;601,8956593406592;612,246303030303;3000;146,2408284968217;Batch-1;Recipe-A;190,0;70,0;Center Q1;2006241448228364;2335,0;600,0;614,3636363636364;641,7083333333334;634,7391304347826;629,0;617,7272727272727;602,9545454545455;470,5
12/02/2021 01:42:15;655,1147272727274;638,8981318681318;602,6271428571428;612,5432121212123;3000;146,23901938889628;Batch-1;Recipe-A;190,0;70,0;Center Q1;2006241449008366;2335,0;600,0;614,0;641,0;635,0;629,0;618,0;603,0;470,7000122070313
12/02/2021 01:42:38;654,8294545454546;639,3078021978023;602,2812087912088;611,9116363636364;3000;146,21389829394496;Batch-1;Recipe-A;190,0;70,0;Center Q1;2006241449168367;2335,0;600,6818181818181;614,1666666666666;640,5652173913044;635,0;629,0;618,0;603,0;470,7000122070313
12/02/2021 01:43:02;654,9106666666668;639,1635164835167;602,4230219780219;612,2154545454547;3000;146,2216282212917;Batch-1;Recipe-A;190,0;70,0;Center Q1;2006241449378368;2335,0;600,8636363636364;614,5909090909091;641,0;634,7391304347826;629,0;618,0;603,0;470,2000122070313
12/02/2021 01:43:24;655,5885454545455;639,961043956044;602,8444505494506;613,0523030303029;3000;146,36707705081218;Batch-1;Recipe-A;190,0;70,0;Center Q1;2006241449538369;2335,0;600,8260869565217;614,0;640,7391304347826;634,5217391304348;629,0;618,0;603,0;470,2000122070313
12/02/2021 01:43:48;655,6649090909093;639,5096153846154;602,438021978022;612,6403636363636;3000;146,3130718373904;Batch-1;Recipe-A;190,0;70,0;Center Q1;2006241450148370;2335,0;601,0;614,0;641,6521739130435;634,9583333333334;629,2727272727273;618,0;603,0;469,7999877929688
12/02/2021 01:44:11;655,4529090909091;639,4374175824178;602,3481318681319;612,4960606060606;3000;146,26827000482666;Batch-1;Recipe-A;190,0;70,0;Center Q1;2006241450518372;2335,0;601,2608695652174;614,304347826087;642,6818181818181;635,0;629,1363636363636;618,0;603,0;470,0
12/02/2021 01:44:35;;639,9174725274726;602,6146703296703;612,6701818181817;3000;146,32746057098646;Batch-1;Recipe-A;190,0;70,0;Center Q1;2006241450308371;2335,0;601,0;615,0;641,2083333333334;634,7727272727273;629,0;618,0;603,0;469,8999938964844
12/02/2021 01:44:58;655,6652121212122;639,1325274725275;602,728956043956;612,8581212121213;3000;146,3602310989825;Batch-1;Recipe-A;190,0;70,0;Center Q1;2006241448398365;2335,0;601,0;615,0;641,7727272727273;634,5454545454545;629,2173913043479;618,0;603,0;469,7999877929688
12/02/2021 01:45:22;655,7690909090909;639,9829670329669;602,3966483516483;612,6880606060606;3000;146,3340204038887;Batch-1;Recipe-A;190,0;70,0;Center Q1;2006241447248361;2335,0;600,7826086956521;615,0;642,0;635,0;629,2272727272727;618,0;603,0;469,5
12/02/2021 01:45:45;655,7551515151515;639,811043956044;602,6131318681319;612,6981818181819;3000;146,32534172285307;Batch-1;Recipe-A;190,0;70,0;Center Q1;2006241445168354;2335,0;601,0;615,0;642,5217391304348;635,0;629,0;618,0;603,0;469,3999938964844
12/02/2021 01:46:09;655,5079393939394;639,9486263736262;603,1039010989011;613,1564848484849;3000;146,38371160135233;Batch-1;Recipe-A;190,0;70,0;Center Q1;2006241444188351;2335,0;600,5833333333334;614,6363636363636;642,4761904761905;635,0;629,0;618,0;603,0;469,7999877929688
12/02/2021 01:46:32;655,4032727272727;639,6231868131867;603,1293956043958;612,9353333333332;3000;146,3503413929663;Batch-1;Recipe-A;190,0;70,0;Center Q1;2006241442268345;2335,0;600,0;614,1818181818181;641,7826086956521;634,5454545454545;629,3478260869565;618,2272727272727;603,0;470,1000061035156
12/02/2021 01:46:55;655,421393939394;639,2797802197803;602,4881868131868;612,3905454545454;3000;146,2980161717412;Batch-1;Recipe-A;190,0;70,0;Center Q1;2006241441178341;2335,0;599,5909090909091;614,1363636363636;641,7272727272727;635,0;629,2608695652174;618,7727272727273;603,0;470,5
12/02/2021 01:47:19;656,2218787878787;640,1953296703298;602,7128021978023;612,8939393939394;3000;146,3867692323177;Batch-1;Recipe-A;190,0;70,0;Center Q1;2006241439208335;2335,0;599,0;614,0;641,1304347826087;634,7826086956521;629,0;618,0454545454545;603,0;470,5
12/02/2021 01:47:42;656,2674545454546;640,5822527472527;602,5364835164835;612,8887878787879;3000;146,42733576694235;Batch-1;Recipe-A;190,0;70,0;Center Q1;2006241438068331;2335,0;599,3181818181819;614,0;641,0;634,7391304347826;629,0;618,0;603,0;470,5
12/02/2021 01:48:06;656,0583030303029;639,881043956044;602,852032967033;612,8670303030302;3000;146,40173342889705;Batch-1;Recipe-A;190,0;70,0;Center Q1;2006241436358326;2335,0;600,0;614,4090909090909;641,3913043478261;635,4545454545455;629,304347826087;618,0;603,0;470,2999877929688
12/02/2021 01:48:28;655,8009696969698;639,6932417582417;602,1207692307693;612,5860606060606;3000;146,31794730304884;Batch-1;Recipe-A;190,0;70,0;Center Q1;2006241434598321;2335,0;600,4545454545455;614,2173913043479;642,1739130434783;635,6363636363636;629,1363636363636;618,0;603,0;470,5
12/02/2021 01:48:52;;638,5441758241757;602,4507692307693;612,3206060606061;3000;146,23161840392945;Batch-1;Recipe-A;190,0;71,0;Center Q1;2006241433458317;2335,0;600,0;614,0;642,8695652173913;635,5909090909091;629,0;618,0;602,7826086956521;470,5
12/02/2021 01:49:15;655,1607272727273;639,6950549450551;602,0652747252748;612,1028484848484;3000;146,22201561513117;Batch-1;Recipe-A;190,0;71,0;Center Q1;2006241431538311;2335,0;599,9130434782609;614,0;642,9090909090909;635,6363636363636;629,0;618,0;603,0;470,2000122070313
12/02/2021 01:49:39;654,7949090909093;638,5284615384616;601,8274725274725;612,0397575757576;3000;146,1730303475987;Batch-1;Recipe-A;190,0;71,0;Center Q1;2006241431178309;2335,0;599,6521739130435;614,0;641,6086956521739;635,0;629,0;617,8695652173913;602,8695652173913;470,0
12/02/2021 01:50:02;654,5205454545454;638,7442857142858;601,0700549450551;611,3378181818182;3000;146,09552631259297;Batch-1;Recipe-A;190,0;71,0;Center Q1;2006241430128305;2335,0;599,7391304347826;613,9090909090909;641,0;634,9090909090909;628,9565217391304;618,0;603,0;470,0
12/02/2021 01:50:26;0,0;638,436978021978;601,600054945055;611,9284848484847;3000;146,1030662381378;Batch-1;Recipe-A;190,0;71,0;Center Q1;2006241428508300;2335,0;600,0;614,0;641,6086956521739;635,0;629,0;618,0;603,0;470,0
12/02/2021 01:50:50;654,4908484848485;638,4276373626374;600,9215934065934;611,4607272727272;3000;146,06146637508235;Batch-1;Recipe-A;190,0;70,0;Center Q1;2006241421438281;2335,0;600,0;614,0;643,0;634,9130434782609;629,0;617,7391304347826;603,0;470,0
12/02/2021 01:51:13;655,0684848484849;639,1486813186814;601,7169230769232;612,0233939393938;3000;146,1948654918341;Batch-1;Recipe-A;190,0;70,0;Center Q1;2006241451088373;2335,0;600,0;614,0;643,0;635,0;629,0;617,5652173913044;603,0;470,0
12/02/2021 01:51:35;654,8918181818183;639,3705494505494;601,6826373626374;611,854;3000;146,17094666485738;Batch-1;Recipe-A;190,0;70,0;Center Q1;2006241458158374;2335,0;600,2608695652174;614,0;643,0;635,0;629,2272727272727;618,0;603,0;469,7999877929688
12/02/2021 01:51:59;654,4961818181818;638,6743956043955;601,1612637362638;611,4707272727272;3000;146,10139383920526;Batch-1;Recipe-A;190,0;70,0;Center Q1;2006241458318375;2335,0;599,9565217391304;614,0;642,5217391304348;635,0;629,0;618,0;603,0;469,8999938964844
12/02/2021 01:52:46;654,9404242424242;638,9345054945055;602,1570879120878;612,1533939393938;3000;146,2073298992896;Batch-1;Recipe-A;190,0;70,0;Center Q1;2006241459208378;2335,0;599,3333333333334;614,0;641,2608695652174;635,2173913043479;629,0;617,6521739130435;602,4782608695652;469,2000122070313
12/02/2021 01:53:10;654,6429090909091;638,8646703296703;601,3239010989009;611,8821818181817;3000;146,13606171042846;Batch-1;Recipe-A;190,0;70,0;Center Q1;2006241459538380;2335,0;599,7826086956521;614,1739130434783;642,2173913043479;635,4347826086956;629,0;618,0;602,4090909090909;469,0
12/02/2021 01:53:32;654,6065454545455;638,6459340659342;601,4816483516485;611,8324848484847;3000;146,11317347661412;Batch-1;Recipe-A;190,0;70,0;Center Q1;2006241500098381;2335,0;600,0;614,6521739130435;642,5217391304348;635,5238095238095;629,0;618,0;602,4782608695652;469,2000122070313
12/02/2021 01:53:56;654,5755757575757;638,4113736263736;601,8343956043958;612,2588484848485;3000;146,12482208291524;Batch-1;Recipe-A;190,0;70,0;Center Q1;2006241500428383;2335,0;599,5217391304348;614,4347826086956;642,4347826086956;635,3478260869565;629,0;618,0;602,1818181818181;469,6000061035156
12/02/2021 01:54:43;654,6964848484847;638,7384615384616;601,7375274725275;611,9330909090909;3000;146,1224685494413;Batch-1;Recipe-A;190,0;70,0;Center Q1;2006241501158385;2335,0;598,9565217391304;614,3478260869565;641,8695652173913;634,8095238095239;629,0;618,0;602,0909090909091;469,3999938964844
12/02/2021 01:55:07;654,2832121212123;638,046923076923;602,0797802197802;611,9459393939394;3000;146,10396682397416;Batch-1;Recipe-A;190,0;70,0;Center Q1;2006241501478387;2335,0;599,3913043478261;614,0;642,4782608695652;635,2608695652174;629,0;618,0;602,6086956521739;469,3999938964844
12/02/2021 01:55:30;654,7059393939394;638,3269230769231;601,6456593406592;611,9363636363636;3000;146,09926149788728;Batch-1;Recipe-A;190,0;70,0;;2006241502048388;2335,0;600,0;614,0;642,5238095238095;635,0;629,0;617,7272727272727;602,5652173913044;469,3999938964844
12/02/2021 01:55:54;654,9287878787877;638,9975274725275;601,8303296703298;611,8722424242424;3000;146,17109858284127;Batch-1;Recipe-A;190,0;70,0;Center Q1;2006241502368390;2335,0;599,9047619047619;614,304347826087;642,0;634,7826086956521;629,0;617,1739130434783;602,0909090909091;469,2000122070313
12/02/2021 01:56:17;655,1640000000001;639,9308791208791;601,8973076923078;612,0235757575757;3000;146,20011884614462;Batch-1;Recipe-A;190,0;70,0;Center Q1;2006241502538391;2335,0;600,0;614,0;641,5909090909091;634,5909090909091;629,0;617,5652173913044;602,0;469,2000122070313
12/02/2021 01:56:40;654,9129090909091;638,8825824175824;602,4236813186814;612,4943030303032;3000;146,2327010354442;Batch-1;Recipe-A;190,0;70,0;Center Q1;2006241502208389;2335,0;600,0;614,0;642,0;634,9565217391304;629,3913043478261;618,0;602,4347826086956;469,6000061035156
12/02/2021 01:57:26;654,7553333333334;638,5864835164833;601,7126923076924;611,9578787878787;3000;146,14666019136607;Batch-1;Recipe-A;190,0;70,0;Center Q1;2006241500268382;2335,0;600,0;614,0;641,304347826087;634,6086956521739;629,0952380952381;618,0;603,0;469,3999938964844
12/02/2021 01:57:51;654,8567878787877;638,8285164835164;601,5893406593408;611,6999393939394;3000;146,1181239651737;Batch-1;Recipe-A;150,0;70,0;Center Q1;2006241459378379;2335,0;600,4090909090909;614,5;641,3478260869565;634,5217391304348;629,0;617,9090909090909;602,6666666666666;469,6000061035156
12/02/2021 01:58:13;654,1795757575758;638,8400549450548;601,6136263736264;611,5447272727273;3000;146,07955811785067;Batch-1;Recipe-A;150,0;70,0;Center Q1;2006241458488376;2335,0;600,0;614,1304347826087;641,0;634,6666666666666;629,0;618,0;602,695652173913;469,6000061035156
12/02/2021 01:58:37;654,1267272727273;638,4929120879121;601,7064285714285;611,1974545454544;3000;146,05289395309134;Batch-1;Recipe-A;150,0;70,0;Center Q1;2006241505218393;2335,0;600,0454545454545;614,0;640,6818181818181;634,8695652173913;628,9090909090909;618,0;603,0;469,2000122070313
12/02/2021 01:59:00;654,1178181818183;638,2345604395604;601,3230769230769;611,2905454545455;3000;146,007899037013;Batch-1;Recipe-A;150,0;70,0;Center Q1;2006241505388394;2335,0;600,5652173913044;614,5217391304348;641,6818181818181;634,6086956521739;628,2083333333334;617,3478260869565;603,0;469,3999938964844
12/02/2021 02:00:10;;638,2220879120879;601,1465384615384;610,7199393939394;3000;145,95587563788618;Batch-1;Recipe-A;150,0;70,0;Center Q1;2006241506438398;2335,0;600,4347826086956;614,8181818181819;641,7391304347826;634,952380952381;629,0;617,0;602,4782608695652;467,0
12/02/2021 02:00:34;654,4073333333333;638,5934615384616;601,3523626373627;611,2465454545455;3000;146,05309466961188;Batch-1;Recipe-A;150,0;70,0;Center Q1;2006241507158400;2335,0;600,5;614,7391304347826;640,9166666666666;634,0;629,0;617,3636363636364;602,0;467,2999877929688
12/02/2021 02:00:57;654,1541818181818;638,4598901098901;600,9834615384615;610,9058181818183;3000;145,9912449430403;Batch-1;Recipe-A;150,0;70,0;Center Q1;2006241507368401;2335,0;600,4090909090909;614,5652173913044;640,5714285714286;634,5;629,0;617,304347826087;602,0;467,7000122070313
12/02/2021 02:01:20;653,7951515151515;638,0813736263736;600,9299450549449;610,8638787878788;3000;145,9488559913272;Batch-1;Recipe-A;150,0;70,0;Center Q1;2006241507538402;2335,0;600,5217391304348;614,4583333333334;641,5652173913044;634,8260869565217;629,0;617,0;602,0;467,7000122070313
12/02/2021 02:01:44;654,0830909090911;638,0687912087911;600,7498351648353;610,9486666666667;3000;145,96172360637885;Batch-1;Recipe-A;150,0;70,0;Center Q1;2006241508138403;2335,0;600,1363636363636;614,1904761904761;641,2727272727273;634,695652173913;629,0;617,0;602,0;468,1000061035156
12/02/2021 02:02:07;653,878303030303;638,299010989011;601,8597252747253;611,6941818181817;3000;146,059367658732;Batch-1;Recipe-A;150,0;70,0;Center Q1;2006241508518405;2335,0;600,5416666666666;614,4347826086956;640,8695652173913;634,0;629,0;617,4347826086956;602,0;468,6000061035156
12/02/2021 02:03:17;0,0;639,2967582417583;601,6404395604396;611,9127878787879;3000;146,13692666779514;Batch-1;Recipe-A;150,0;70,0;Center Q1;2006241509448408;2335,0;599,5;614,0;641,0;634,4545454545455;629,0;618,0;602,0;469,5
12/02/2021 02:03:40;;638,8996703296702;601,7344505494506;611,6959393939394;3000;146,15696325035336;Batch-1;Recipe-A;150,0;70,0;Center Q1;2006241510228410;2335,0;600,0;614,0;640,5;635,0;629,0434782608696;617,35;602,0;469,6000061035156
12/02/2021 02:04:04;655,2073939393938;639,3421428571427;602,2583516483518;612,0858787878788;3000;146,2113550178544;Batch-1;Recipe-A;150,0;70,0;Center Q1;2006241510398411;2335,0;600,0;614,0;641,1363636363636;635,3913043478261;629,0;617,5454545454545;602,0;469,6000061035156
12/02/2021 02:04:27;655,2601818181819;639,0904395604396;602,5123076923078;612,361393939394;3000;146,2554327438247;Batch-1;Recipe-A;150,0;70,0;Center Q1;2006241511118413;2335,0;600,1818181818181;614,0;641,8695652173913;635,5652173913044;629,0;617,7727272727273;602,0;469,8999938964844
12/02/2021 02:04:51;655,0057575757576;638,8801648351647;602,5274175824176;612,0733939393939;3000;146,20695985358347;Batch-1;Recipe-A;150,0;70,0;Center Q1;2006241511288414;2335,0;600,0;614,0;642,3478260869565;635,7391304347826;629,0;618,0;602,0;469,8999938964844
12/02/2021 02:05:15;;639,3936813186813;602,3454395604396;612,2458181818182;3000;146,27007777017243;Batch-1;Recipe-A;150,0;70,0;Center Q1;2006241512008416;2335,0;600,0454545454545;614,0;642,0434782608696;635,4761904761905;629,0;618,0;602,0;469,7999877929688
12/02/2021 02:05:38;655,1899393939393;639,0282967032967;602,2873626373628;612,0798787878787;3000;146,21054296192696;Batch-1;Recipe-A;150,0;70,0;Center Q1;2006241512168417;2335,0;599,8181818181819;614,0434782608696;641,0;635,0;629,0;618,0;602,0;469,6000061035156
12/02/2021 02:06:01;655,2059393939394;638,8634065934066;601,8290109890112;611,6278181818183;3000;146,17488008281353;Batch-1;Recipe-A;150,0;70,0;Center Q1;2006241512448418;2335,0;600,0;614,0869565217391;640,7142857142858;634,6818181818181;629,2173913043479;618,0;602,0;469,2000122070313
12/02/2021 02:06:25;655,3696969696971;639,0496703296702;602,4997802197803;612,3648484848485;3000;146,2412102905317;Batch-1;Recipe-A;190,0;70,0;Center Q1;2006241513048419;2335,0;600,5652173913044;615,0;641,9090909090909;635,0;629,3913043478261;618,0;602,0;469,6000061035156
12/02/2021 02:06:48;655,2196363636363;639,4575274725274;601,9059340659339;611,8989090909091;3000;146,16746634333998;Batch-1;Recipe-A;190,0;70,0;Center Q1;2006241513208420;2335,0;600,9565217391304;615,0;642,4090909090909;635,0;629,6666666666666;618,0;602,0;469,6000061035156
12/02/2021 02:07:12;655,2955757575758;639,1448901098902;602,4466483516483;612,3227878787877;3000;146,27890084763567;Batch-1;Recipe-A;190,0;70,0;Center Q1;2006241513538422;2335,0;600,695652173913;615,0;643,0;635,1304347826087;629,5909090909091;618,0;602,0;469,6000061035156
12/02/2021 02:07:35;654,9471515151515;639,1441208791209;602,4103296703297;612,0032727272727;3000;146,22910429482002;Batch-1;Recipe-A;190,0;70,0;Center Q1;2006241514098423;2335,0;601,0;615,0;642,5652173913044;635,5714285714286;630,0;618,0;602,0;469,2000122070313
12/02/2021 02:07:58;655,4251515151515;639,6782967032967;601,8637912087913;612,0142424242424;3000;146,24435798059906;Batch-1;Recipe-A;190,0;70,0;Center Q1;2006241514458425;2335,0;600,6086956521739;614,6190476190476;642,7391304347826;635,1818181818181;629,695652173913;618,0;602,0;469,0
12/02/2021 02:08:21;655,3141212121212;639,3856043956044;602,1172527472527;612,0003636363638;3000;146,23164909060014;Batch-1;Recipe-A;190,0;70,0;Center Q1;2006241515028426;2335,0;599,7272727272727;614,1739130434783;641,8095238095239;634,9565217391304;629,0;618,0;602,0;469,2000122070313
12/02/2021 02:08:45;;639,1425824175824;602,2063186813186;612,0672121212123;3000;146,2253974868557;Batch-1;Recipe-A;190,0;70,0;Center Q1;2006241515238427;2335,0;599,6363636363636;614,4347826086956;641,1818181818181;635,2608695652174;629,2857142857142;618,0;602,0;469,5
12/02/2021 02:09:09;655,5375757575757;639,5563736263738;602,3917032967032;612,2984242424243;3000;146,2738096793651;Batch-1;Recipe-A;190,0;70,0;Center Q1;2006241515398428;2335,0;599,5;615,0;642,0;635,5217391304348;629,6521739130435;618,0;602,0;469,7000122070313
12/02/2021 02:09:32;;639,0699999999998;602,3410989010989;612,2790303030304;3000;146,24888094480153;Batch-1;Recipe-A;190,0;70,0;Center Q1;2006241516008429;2335,0;600,0;615,0;642,0;635,5454545454545;629,6818181818181;618,0;602,0;469,7999877929688
12/02/2021 02:09:56;;639,0815384615385;602,529010989011;612,6874545454547;3000;146,28063267256448;Batch-1;Recipe-A;190,0;70,0;Center Q1;2006241516378431;2335,0;599,421052631579;614,8695652173913;642,0;635,0;630,0;618,4347826086956;602,0;470,2000122070313
12/02/2021 02:10:19;655,459696969697;639,3614835164834;601,9714835164835;612,2227272727273;3000;146,22383050202393;Batch-1;Recipe-A;150,0;70,0;Center Q1;2006241516538432;2335,0;599,3636363636364;614,5652173913044;642,1904761904761;635,3181818181819;629,7142857142858;618,2173913043479;602,0;470,2999877929688
12/02/2021 02:10:43;655,4269696969696;639,0355494505494;602,2666483516484;612,4394545454545;3000;146,2522052566637;Batch-1;Recipe-A;150,0;70,0;Center Q1;2006241517148433;2335,0;599,4347826086956;615,0;642,3478260869565;635,5;629,7391304347826;618,0;602,0;470,2999877929688
12/02/2021 02:11:06;655,0923636363635;638,6936263736262;601,9514285714288;612,2467272727273;3000;146,23169829260186;Batch-1;Recipe-A;150,0;70,0;Center Q1;2006241517308434;2335,0;599,3913043478261;614,5238095238095;643,0;635,6190476190476;630,0;618,0;602,0;470,5
12/02/2021 02:11:31;655,6318181818183;639,5901098901098;602,1032967032968;612,4306666666666;3000;146,28178550354278;Batch-1;Recipe-A;150,0;70,0;Center Q1;2006241518108436;2335,0;599,9565217391304;614,6086956521739;643,0;635,2608695652174;630,0;618,0;602,0909090909091;470,2000122070313
12/02/2021 02:11:53;655,708606060606;639,3157142857143;602,4384065934065;612,4366060606062;3000;146,28565763800833;Batch-1;Recipe-A;150,0;70,0;Center Q1;2006241518268437;2335,0;600,0;614,6818181818181;642,0869565217391;635,0;630,0;618,0;602,0;469,6000061035156
12/02/2021 02:12:17;655,5172727272727;638,704945054945;602,2227472527472;612,6827272727273;3000;146,2708261822955;Batch-1;Recipe-A;150,0;70,0;Center Q1;2006241518478438;2335,0;599,7826086956521;614,375;642,0;635,5652173913044;629,7727272727273;618,0454545454545;602,0;469,8999938964844
12/02/2021 02:12:39;655,8750909090909;639,7495054945056;602,838956043956;613,0061212121212;3000;146,4046586464332;Batch-1;Recipe-A;150,0;70,0;Center Q1;2006241519248440;2335,0;599,7272727272727;614,4285714285714;642,2608695652174;635,6521739130435;630,0;618,5217391304348;602,4347826086956;470,0
12/02/2021 02:13:03;655,5429696969696;639,382032967033;602,5624725274727;612,8509090909091;3000;146,295029379563;Batch-1;Recipe-A;150,0;70,0;Center Q1;2006241519418441;2335,0;599,6818181818181;614,2608695652174;642,0;635,2272727272727;630,0;619,0;603,0;470,2000122070313
12/02/2021 02:13:28;655,6430909090909;639,4479120879122;602,139065934066;612,5126666666666;3000;146,90778566525512;Batch-1;Recipe-A;150,0;70,0;Center Q1;2006241520028442;2345,0;599,7826086956521;614,1739130434783;641,9565217391304;635,5217391304348;629,6521739130435;618,2173913043479;603,0;469,6000061035156
12/02/2021 02:13:50;656,0723030303029;640,0468131868133;602,2218681318683;612,7490303030303;3000;146,9508012105413;Batch-1;Recipe-A;150,0;70,0;Center Q1;2006241520188443;2345,0;600,3913043478261;615,0;642,0;635,5454545454545;629,8181818181819;618,0;602,7826086956521;469,8999938964844
12/02/2021 02:14:14;655,9292727272727;639,8104395604396;602,5375274725275;612,7940606060606;3000;146,96530064045584;Batch-1;Recipe-A;150,0;70,0;Center Q1;2006241520398444;2345,0;600,695652173913;614,6521739130435;642,0;635,0;629,7272727272727;618,0;603,0;470,2000122070313
12/02/2021 02:14:38;655,5861818181818;639,5934615384616;602,7134065934065;612,2990909090909;3000;146,9249643620047;Batch-1;Recipe-A;150,0;70,0;Center Q1;2006241521168446;2345,0;601,0;614,8636363636364;641,7142857142858;635,4545454545455;629,5833333333334;618,4347826086956;603,0;469,7999877929688
12/02/2021 02:15:01;655,2476969696969;639,2086813186812;602,153956043956;612,3603030303029;3000;146,86597589871795;Batch-1;Recipe-A;150,0;70,0;Center Q1;2006241521328447;2345,0;600,7391304347826;615,0;641,9565217391304;635,7391304347826;629,6363636363636;618,1304347826087;603,0;470,0
12/02/2021 02:15:25;655,2632121212123;639,3207142857143;602,6550000000002;612,5009090909091;3000;146,89325744408185;Batch-1;Recipe-A;150,0;70,0;Center Q1;2006241521538448;2345,0;600,0;614,5;641,4545454545455;635,5416666666666;629,304347826087;618,0;603,0;470,1000061035156
12/02/2021 02:16:35;656,2893333333333;640,7878571428571;603,2061538461537;612,9536363636364;3000;147,0964546735949;Batch-1;Recipe-A;150,0;70,0;Center Q1;2006241523088452;2345,0;600,2608695652174;615,0;642,6363636363636;635,5217391304348;630,0;618,0;603,0;469,6000061035156
12/02/2021 02:16:59;656,1101818181818;641,0191208791209;602,5179120879121;612,7780606060606;3000;147,02796083389018;Batch-1;Recipe-A;150,0;70,0;Center Q1;2006241523248453;2345,0;600,5909090909091;615,0;643,0;636,0;630,0;618,0;603,0;469,8999938964844
12/02/2021 02:17:22;654,771696969697;638,8489010989011;600,8482417582418;611,3594545454546;3000;146,69102234741;Batch-1;Recipe-A;150,0;70,0;Center Q1;2006241524018455;2345,0;600,3478260869565;615,0;642,9565217391304;635,2083333333334;630,0;618,0;603,0;470,2000122070313
12/02/2021 02:17:46;655,1303030303029;639,1160439560439;601,7344505494506;611,9932727272727;3000;146,82237453118364;Batch-1;Recipe-A;190,0;70,0;Center Q1;2006241524228456;2345,0;600,3333333333334;615,0;642,8181818181819;635,0;629,8636363636364;618,0;602,1739130434783;470,2000122070313
12/02/2021 02:18:09;654,9901818181819;638,8423626373627;602,6101648351647;612,7648484848485;3000;146,87922076187513;Batch-1;Recipe-A;234,0;70,0;Center Q1;2006241524388457;2345,0;599,7727272727273;614,7826086956521;641,8333333333334;635,0;630,0;618,0;602,0;470,0
12/02/2021 02:18:32;654,8191515151516;638,802967032967;602,4296153846152;612,4980606060607;3000;146,8688973997928;Batch-1;Recipe-A;186,0;70,0;Center Q1;2006241524598458;2345,0;599,0;614,3181818181819;641,5217391304348;634,7727272727273;629,6363636363636;618,0;602,0;469,6000061035156
12/02/2021 02:19:18;655,5729090909091;639,3278021978023;601,9514285714288;612,3912727272727;3000;146,89256458321682;Batch-1;Recipe-A;218,0;70,0;Center Q1;2006241525538461;2345,0;599,0;614,0434782608696;641,0;635,0;629,6086956521739;618,0;602,0;469,3999938964844
12/02/2021 02:19:42;655,407696969697;639,449010989011;601,8733516483518;612,2503030303029;3000;146,89351138119656;Batch-1;Recipe-A;197,0;70,0;Center Q1;2006241526098462;2345,0;599,0;614,5217391304348;641,0;635,0;629,0;617,8636363636364;602,0;469,6000061035156
12/02/2021 02:20:06;655,4638787878787;639,9052747252747;601,9361538461537;612,3415757575758;3000;146,91101317898213;Batch-1;Recipe-A;207,0;70,0;Center Q1;2006241526328463;2345,0;599,9565217391304;614,6818181818181;641,4090909090909;635,0;629,4347826086956;618,0;602,0;470,1000061035156
12/02/2021 02:20:29;655,4904242424243;639,1110989010989;602,2557692307693;612,5592121212121;3000;146,8946278916861;Batch-1;Recipe-A;207,0;70,0;Center Q1;2006241527008464;2345,0;600,0;614,5;642,3478260869565;635,4761904761905;629,8181818181819;618,0434782608696;602,0;469,6000061035156
12/02/2021 02:20:53;655,0841212121213;638,8820879120879;602,2905494505495;612,3011515151516;3000;146,5685227168831;Batch-1;Recipe-A;186,0;70,0;Center Q1;2006241527178465;2340,0;600,0;614,0454545454545;643,0;635,7391304347826;629,7391304347826;618,304347826087;602,0;469,2000122070313
12/02/2021 02:21:17;655,901696969697;639,9115384615385;602,4423626373626;612,5306666666667;3000;146,65714784155844;Batch-1;Recipe-A;207,0;70,0;Center Q1;2006241527548467;2340,0;600,1818181818181;614,5652173913044;642,2608695652174;635,9090909090909;629,2173913043479;618,0;602,0;469,0
12/02/2021 02:21:39;655,6523030303031;639,5890109890111;602,6146153846155;612,6155757575758;3000;146,63109842424245;Batch-1;Recipe-A;176,0;70,0;Center Q1;2006241527388466;2340,0;600,4545454545455;614,4090909090909;642,0;635,0;629,2608695652174;618,0;602,0;469,2000122070313
12/02/2021 02:22:03;655,2487272727273;639,442032967033;602,1194505494503;611,9981818181817;3000;146,5365451038961;Batch-1;Recipe-A;181,0;70,0;;2006241525168459;2340,0;600,304347826087;614,0;641,6363636363636;635,4782608695652;629,8695652173913;618,3181818181819;602,0;469,2000122070313
12/02/2021 02:22:27;655,4882424242425;639,4050000000002;602,0996703296703;612,589696969697;3000;146,55862266926408;Batch-1;Recipe-A;202,0;70,0;Center Q1;2006241523458454;2340,0;600,5652173913044;614,5652173913044;642,304347826087;635,2173913043479;629,7826086956521;618,0;602,0;469,2000122070313
12/02/2021 02:22:51;655,5139999999999;639,7205494505494;601,7846153846152;612,1018181818182;3000;146,53625597922073;Batch-1;Recipe-A;186,0;70,0;;2006241522108449;2340,0;600,4347826086956;614,5;643,0;635,0;629,7272727272727;618,0;602,0;469,0
12/02/2021 02:23:14;656,050303030303;640,0646153846154;602,5890109890111;612,628303030303;3000;146,68596736450218;Batch-1;Recipe-A;213,0;70,0;Center Q1;2006241520558445;2340,0;600,2608695652174;614,25;643,0;635,4782608695652;629,6818181818181;618,1363636363636;602,0;469,2000122070313
12/02/2021 02:23:37;655,5176363636364;640,2770329670328;602,0217032967032;612,2446060606062;3000;146,58174006580086;Batch-1;Recipe-A;171,0;70,0;Center Q1;2006241519038439;2340,0;600,5714285714286;615,0;643,0;635,5;630,0;618,2173913043479;602,0;469,0
12/02/2021 02:24:00;655,2085454545455;639,541043956044;602,15;612,1504242424243;3000;146,57677574891778;Batch-1;Recipe-A;202,0;70,0;Center Q1;2006241517478435;2340,0;600,2173913043479;614,3478260869565;642,6086956521739;635,6818181818181;629,2727272727273;618,0;602,0;469,0
12/02/2021 02:24:23;;639,8085164835164;602,3336263736262;612,2269696969697;3000;146,58699555670995;Batch-1;Recipe-A;223,0;70,0;Center Q1;2006241516168430;2340,0;599,5652173913044;614,0;641,1363636363636;635,0;629,0;618,4782608695652;602,0;469,0
12/02/2021 02:24:47;0,0;639,3349999999998;602,3612087912087;612,1290909090909;3000;146,5492782796537;Batch-1;Recipe-A;197,0;70,0;Center Q1;2006241514258424;2340,0;599,0;614,0434782608696;641,4090909090909;635,2727272727273;629,2272727272727;618,4545454545455;602,0;469,1000061035156
12/02/2021 02:25:11;654,5973333333334;638,8804945054945;602,0420879120878;611,8687272727273;3000;146,4722509878788;Batch-1;Recipe-A;213,0;70,0;Center Q1;2006241513378421;2340,0;599,1739130434783;614,5;641,7826086956521;635,0;629,695652173913;618,695652173913;602,0;468,7000122070313
12/02/2021 02:25:34;654,7159393939394;638,9776373626374;601,8621978021977;611,6587272727273;3000;146,44792575238094;Batch-1;Recipe-A;239,0;70,0;Center Q1;2006241511448415;2340,0;600,0;614,4545454545455;642,0;635,0;629,5454545454545;618,3913043478261;602,0;469,0
12/02/2021 02:27:30;654,8372727272728;639,1896703296702;601,3631868131868;611,3998787878787;3000;146,42593516969694;Batch-1;Recipe-A;250,0;70,0;Center Q1;2006241506108396;2340,0;600,7826086956521;615,0;642,0434782608696;635,0;629,0;617,1818181818181;602,0;468,1000061035156
12/02/2021 02:27:54;654,9735151515151;639,4268131868133;601,6853846153846;611,5167272727273;3000;146,47320763722942;Batch-1;Recipe-A;250,0;70,0;Center Q1;2006241503098392;2340,0;600,8636363636364;615,0;641,1739130434783;635,0;629,0;617,1363636363636;602,0;468,1000061035156
12/02/2021 02:28:42;654,5990303030302;638,8065934065934;602,3157142857143;612,1947878787878;3000;146,5078722077922;Batch-1;Recipe-A;250,0;70,0;Center Q1;2006241535198469;2340,0;600,0;614,304347826087;642,0;634,9130434782609;629,0;618,0;602,0;468,2999877929688
12/02/2021 02:29:05;654,7609696969697;638,9411538461537;602,2408241758243;612,0508484848485;3000;146,49194392207795;Batch-1;Recipe-A;223,0;70,0;Center Q1;2006241535358470;2340,0;599,4782608695652;614,2173913043479;641,4545454545455;635,0;629,0;618,0;602,0;468,1000061035156
12/02/2021 02:29:29;655,2883636363638;640,093901098901;601,6980769230769;611,8389090909089;3000;146,4855007168831;Batch-1;Recipe-A;207,0;70,0;Center Q1;2006241536088472;2340,0;599,0;614,0;640,6521739130435;634,7142857142858;629,0;618,0;602,0;468,3999938964844
12/02/2021 02:29:52;654,9519393939394;638,8606043956045;601,8357142857143;611,7001818181818;3000;146,45724194718613;Batch-1;Recipe-A;228,0;70,0;Center Q1;2006241536248473;2340,0;599,4782608695652;614,4090909090909;641,5454545454545;634,7391304347826;629,0;617,8695652173913;602,0;468,5
12/02/2021 02:30:15;654,6275757575758;638,5597252747252;601,9761538461539;611,706;3000;146,4277263705628;Batch-1;Recipe-A;234,0;70,0;Center Q1;2006241536578475;2340,0;599,3913043478261;614,1739130434783;641,0454545454545;634,695652173913;629,0;617,9130434782609;602,0;468,7000122070313
12/02/2021 02:31:02;0,0;638,6598901098902;602,3984065934068;612,1986666666667;3000;146,5218555965368;Batch-1;Recipe-A;239,0;70,0;Center Q1;2006241536408474;2340,0;600,0;614,5909090909091;641,304347826087;635,0;629,1739130434783;618,0;602,2727272727273;468,8999938964844
12/02/2021 02:31:26;655,6755757575758;639,5824175824176;603,178076923077;612,911393939394;3000;146,6930684917749;Batch-1;Recipe-A;207,0;70,0;Center Q1;2006241535518471;2340,0;600,0;614,5217391304348;640,5652173913044;635,4347826086956;629,0454545454545;618,0;603,0;469,2000122070313
12/02/2021 02:31:49;655,2420606060606;639,0723626373626;602,4830219780222;612,3036969696971;3000;146,56278416277058;Batch-1;Recipe-A;155,0;70,0;Center Q1;2006241305078246;2340,0;600,8636363636364;615,0;641,5652173913044;635,4347826086956;629,5238095238095;618,2608695652174;603,0;469,7000122070313
12/02/2021 02:32:12;655,4159999999998;639,4596703296704;602,1705494505494;612,3121212121213;3000;146,5752622614719;Batch-1;Recipe-A;190,0;70,0;Center Q1;2006241304348245;2340,0;601,0;615,0;642,0;635,0909090909091;629,3478260869565;618,0;603,0;469,7000122070313
12/02/2021 02:33:00;655,6359393939396;639,9117582417583;602,5362087912088;612,4639393939393;3000;146,5943788813853;Batch-1;Recipe-A;218,0;70,0;Center Q1;2006241303558243;2340,0;600,7391304347826;615,0;642,0;635,4782608695652;629,2272727272727;618,0;602,4090909090909;470,5
12/02/2021 02:33:22;;639,4565384615385;602,2076923076924;612,2648484848485;3000;146,5753359532468;Batch-1;Recipe-A;192,0;70,0;Center Q1;2006241303398242;2340,0;600,9565217391304;615,0;641,8095238095239;635,2272727272727;629,5454545454545;618,0;602,0;470,7000122070313
12/02/2021 02:33:46;655,5462424242425;639,8716483516482;602,222032967033;612,4330909090909;3000;146,5666857904762;Batch-1;Recipe-A;186,0;70,0;Center Q1;2006241303108241;2340,0;600,695652173913;615,3636363636364;642,0;635,0;629,7391304347826;618,0;602,0;470,8999938964844
12/02/2021 02:34:10;655,2359393939395;639,8352197802199;602,8696153846154;612,8820000000002;3000;146,61432109783553;Batch-1;Recipe-A;186,0;70,0;Center Q1;2006241302488240;2340,0;600,4090909090909;615,3181818181819;641,7272727272727;635,0454545454545;630,0;618,0;602,0;470,5
12/02/2021 02:34:33;655,5894545454546;639,5418681318681;602,6868131868133;613,0234545454547;3000;146,6788923038961;Batch-1;Recipe-A;160,0;70,0;Center Q1;2006241302308239;2340,0;599,5;614,4782608695652;641,4090909090909;635,0;629,4545454545455;618,2608695652174;602,0;470,6000061035156
12/02/2021 02:34:57;655,5424848484851;639,6488461538461;602,598021978022;612,5424242424242;3000;146,64503924675327;Batch-1;Recipe-A;165,0;70,0;Center Q1;2006241302138238;2340,0;599,0952380952381;614,5;641,0454545454545;635,0;630,0;619,0;602,0;470,8999938964844
12/02/2021 02:35:20;656,1541818181818;639,9253296703297;602,8537362637363;612,9288484848485;3000;146,69759416536797;Batch-1;Recipe-A;176,0;70,0;Center Q1;2006241301538237;2340,0;599,0;614,2380952380953;641,0;635,3181818181819;629,8260869565217;618,5217391304348;602,0;471,1000061035156
12/02/2021 02:35:43;655,7045454545455;640,2725274725275;602,6013186813186;612,5504242424242;3000;146,69515997748917;Batch-1;Recipe-A;150,0;70,0;Center Q1;2006241301368236;2340,0;599,4090909090909;614,6363636363636;641,0;635,0;629,695652173913;618,1818181818181;602,0;471,1000061035156
12/02/2021 02:36:07;656,2884242424242;640,407967032967;602,73;612,9998787878789;3000;146,76962705367964;Batch-1;Recipe-A;186,0;70,0;Center Q1;2006241301158235;2340,0;599,8636363636364;614,6086956521739;641,3636363636364;635,3913043478261;629,8260869565217;618,3478260869565;602,0;471,2000122070313
12/02/2021 02:36:30;;640,7425274725274;602,8310989010988;613,1038181818183;3000;146,77149613679654;Batch-1;Recipe-A;160,0;70,0;Center Q1;2006241300598234;2340,0;600,0;614,4347826086956;642,304347826087;635,695652173913;630,0;618,7826086956521;602,0;471,1000061035156
12/02/2021 02:36:53;656,2269090909091;640,3998901098902;603,2378571428571;613,2184848484849;3000;146,77609646406927;Batch-1;Recipe-A;150,0;70,0;Center Q1;2006241300318233;2340,0;600,0;614,0;642,695652173913;636,4782608695652;629,9130434782609;618,7272727272727;602,0;470,8999938964844
12/02/2021 02:37:17;655,7739999999999;639,8160439560438;602,6657142857142;612,658;3000;146,68359488571429;Batch-1;Recipe-A;150,0;70,0;Center Q1;2006241259528231;2340,0;600,1818181818181;614,3478260869565;642,4782608695652;635,9047619047619;630,0;618,304347826087;602,0;471,1000061035156
12/02/2021 02:37:40;655,3207878787879;639,8268131868133;602,6137912087913;612,7336363636364;3000;146,6300308008658;Batch-1;Recipe-A;165,0;70,0;Center Q1;2006241259268230;2340,0;599,5454545454545;614,0;641,2608695652174;635,5217391304348;629,5;619,0;602,0;471,2000122070313
12/02/2021 02:38:04;655,699393939394;639,6938461538463;602,3732967032968;612,2600606060606;3000;146,6362428805195;Batch-1;Recipe-A;165,0;70,0;Center Q1;2006241259098229;2340,0;599,0;614,0;640,7619047619047;635,2608695652174;629,7391304347826;618,2608695652174;602,0;471,2999877929688
12/02/2021 02:38:28;655,7603030303029;639,6558791208791;602,3864835164835;612,7999393939393;3000;146,63205683722944;Batch-1;Recipe-A;197,0;70,0;Center Q1;2006241258538228;2340,0;599,7826086956521;614,0434782608696;641,5652173913044;635,5;629,8260869565217;618,0;602,0;472,0
12/02/2021 02:39:15;656,2804242424243;639,9168131868133;603,1142857142858;613,1659393939393;3000;146,74219904155845;Batch-1;Recipe-A;218,0;70,0;Center Q1;2006241258168226;2340,0;600,0;614,1739130434783;643,0;635,7826086956521;629,9545454545455;618,4347826086956;602,5454545454545;472,6000061035156
12/02/2021 02:39:39;655,6486060606062;640,1414835164835;602,2802197802197;612,4764242424243;3000;146,66019459393937;Batch-1;Recipe-A;150,0;70,0;Center Q1;2006241257598225;2340,0;600,2857142857142;614,1304347826087;643,0;636,0;630,0;618,3913043478261;603,0;472,6000061035156
12/02/2021 02:40:01;655,3849696969696;639,5040659340658;602,3068131868131;612,3931515151513;3000;146,61859986147186;Batch-1;Recipe-A;202,0;70,0;Center Q1;2006241257138223;2340,0;600,5217391304348;614,1818181818181;642,695652173913;635,9090909090909;629,5652173913044;618,2272727272727;602,2857142857142;472,2000122070313
12/02/2021 02:40:24;655,7564848484848;639,4625274725274;602,5067032967032;612,6381212121213;3000;146,66356316450216;Batch-1;Recipe-A;202,0;70,0;Center Q1;2006241257318224;2340,0;599,9565217391304;614,0;642,0;635,0;629,0;618,0;602,0;471,8999938964844
12/02/2021 02:40:47;655,7698787878787;639,7331868131868;602,8207692307693;612,9075757575757;3000;146,6923063948052;Batch-1;Recipe-A;171,0;70,0;Center Q1;2006241537298477;2340,0;599,6818181818181;614,0;641,6818181818181;635,6521739130435;629,5;618,0;602,0;471,8999938964844
12/02/2021 02:41:11;655,2483636363637;639,6834065934066;602,1187362637363;612,3848484848485;3000;146,61556035757576;Batch-1;Recipe-A;160,0;70,0;Center Q1;2006241548048478;2340,0;600,0;614,3913043478261;642,5217391304348;636,2608695652174;629,9090909090909;618,4347826086956;602,0;471,5
12/02/2021 02:41:35;655,1851515151516;638,920054945055;602,1647252747254;612,3360606060606;3000;146,5593826718615;Batch-1;Recipe-A;213,0;70,0;Center Q1;2006241548368480;2340,0;600,1304347826087;614,5652173913044;642,5652173913044;636,0;629,8;618,0909090909091;602,0;471,1000061035156
12/02/2021 02:41:58;654,9092121212121;638,6309340659342;602,3534615384616;612,3904848484849;3000;146,5054250891775;Batch-1;Recipe-A;223,0;70,0;Center Q1;2006241548538481;2340,0;599,6521739130435;614,3636363636364;642,7391304347826;635,7272727272727;629,7826086956521;618,0;602,0;471,2999877929688
12/02/2021 02:43:09;651,6928484848485;636,5112637362637;600,236043956044;609,5876363636362;3000;145,99621830303033;Batch-1;Recipe-A;239,0;70,0;Center Q1;2006241549438484;2340,0;598,0434782608696;610,4347826086956;636,0952380952381;628,4545454545455;623,5217391304348;613,0869565217391;600,5652173913044;470,5
12/02/2021 02:43:33;652,2995151515153;637,1296153846154;600,1937362637364;609,9970909090907;3000;146,0153177930736;Batch-1;Recipe-A;250,0;70,0;Center Q1;2006241550008485;2340,0;598,3913043478261;611,9130434782609;638,0869565217391;631,1304347826087;626,0;615,3913043478261;601,0;470,0
12/02/2021 02:43:56;652,2592727272727;636,4854395604395;600,314065934066;610,0255151515153;3000;146,05083344242428;Batch-1;Recipe-A;250,0;70,0;Center Q1;2006241550198486;2340,0;599,0;612,0;638,9090909090909;632,5217391304348;626,7391304347826;616,0;601,0;470,2000122070313
12/02/2021 02:44:42;652,5741818181817;636,9199450549452;601,0512087912088;610,9476363636362;3000;146,20510123636365;Batch-1;Recipe-A;250,0;70,0;Center Q1;2006241551138489;2340,0;599,7619047619047;612,0;640,0;633,2173913043479;627,0;616,5714285714286;602,0;470,2000122070313
12/02/2021 02:45:06;652,8086666666667;637,0376923076923;600,8235164835164;610,8754545454544;3000;146,19005180432904;Batch-1;Recipe-A;250,0;70,0;Center Q1;2006241552028491;2340,0;599,5217391304348;611,5652173913044;639,5652173913044;633,1304347826087;627,0;617,0;602,0;470,5
12/02/2021 02:45:29;653,1033333333334;637,3654945054944;600,4861538461539;610,6428484848484;3000;146,16936802077922;Batch-1;Recipe-A;250,0;70,0;Center Q1;2006241551338490;2340,0;599,1818181818181;611,0869565217391;639,3913043478261;633,0;627,0;617,0;602,0;471,2999877929688
12/02/2021 02:45:53;653,4688484848485;637,9391208791209;600,4843406593408;610,6958787878788;3000;146,20172779740258;Batch-1;Recipe-A;250,0;70,0;Center Q1;2006241550368487;2340,0;600,2173913043479;612,0;640,0;633,2380952380953;627,304347826087;617,0;602,0;471,8999938964844
12/02/2021 02:46:16;653,0106666666667;637,0993956043956;601,0495054945054;610,7141212121213;3000;146,20493312813855;Batch-1;Recipe-A;250,0;70,0;Center Q1;2006241549098482;2340,0;599,695652173913;612,0;639,9565217391304;633,0;627,4347826086956;617,0;602,0;471,8999938964844
12/02/2021 02:46:39;653,3418787878787;637,6789010989012;600,9007692307691;610,5976969696969;3000;146,21741311341992;Batch-1;Recipe-A;250,0;70,0;Center Q1;2006241548208479;2340,0;599,9565217391304;612,0;639,5909090909091;633,5217391304348;627,695652173913;617,0;602,0;471,7000122070313
12/02/2021 02:47:03;653,1958181818183;637,0562637362636;600,8184065934066;610,8204242424242;3000;146,20046335151517;Batch-1;Recipe-A;250,0;70,0;Center Q1;2006241256578222;2340,0;600,4782608695652;612,4166666666666;640,0;633,8260869565217;627,1739130434783;617,0;602,0;471,7000122070313
12/02/2021 02:47:27;;638,671978021978;601,4243406593407;611,4383636363636;3000;146,35196394545454;Batch-1;Recipe-A;250,0;70,0;Center Q1;2006241256408221;2340,0;600,0;612,1304347826087;639,7391304347826;633,0;627,0869565217391;616,9565217391304;602,0;471,8999938964844
12/02/2021 02:47:50;653,9289696969697;638,5089560439561;601,1778021978023;611,068303030303;3000;146,32191023116886;Batch-1;Recipe-A;250,0;70,0;Center Q1;2006241256158220;2340,0;600,3913043478261;613,0;640,4347826086956;633,4782608695652;627,5652173913044;617,0;602,0;472,2000122070313
12/02/2021 02:48:13;654,3432727272726;637,9838461538462;601,1635714285715;611,4284848484847;3000;146,37009690562775;Batch-1;Recipe-A;250,0;70,0;Center Q1;2006241255548219;2340,0;600,5;613,0;641,0;633,8260869565217;628,0;617,0;602,0;471,8999938964844
12/02/2021 02:49:01;;638,7313186813187;601,3571978021979;611,4423030303029;3000;146,37662581298704;Batch-1;Recipe-A;250,0;70,0;Center Q1;2006241255168217;2340,0;601,0;614,0;641,0;634,2272727272727;628,0;617,0;602,0;471,7000122070313
12/02/2021 02:49:24;654,6267878787878;638,9459340659341;601,3573626373626;611,3142424242425;3000;146,42661416536797;Batch-1;Recipe-A;250,0;70,0;Center Q1;2006241255008216;2340,0;601,0;614,0;640,7826086956521;634,0;628,0;617,0;602,0;471,7000122070313
12/02/2021 02:50:11;654,0287878787879;638,2125274725274;602,0555494505495;612,0111515151515;3000;146,42124906926404;Batch-1;Recipe-A;250,0;70,0;Center Q1;2006241254328215;2340,0;600,5217391304348;613,695652173913;640,6086956521739;634,0;628,0;617,0;601,0;471,5
12/02/2021 02:50:36;654,2446666666666;637,9867032967034;602,3197252747252;611,9041212121213;3000;146,45066672813854;Batch-1;Recipe-A;250,0;70,0;Center Q1;2006241254038214;2340,0;600,0;613,3913043478261;640,5454545454545;634,3913043478261;628,0;617,2608695652174;601,0;471,2999877929688
12/02/2021 02:51:21;653,374;638,3136263736264;601,291043956044;610,8819393939393;3000;146,25319669783548;Batch-1;Recipe-A;250,0;70,0;Center Q1;2006241253298212;2340,0;599,3913043478261;613,0;640,2173913043479;634,0;628,0;617,1363636363636;601,0;470,7000122070313
12/02/2021 02:52:08;653,7629696969698;638,4148901098902;601,385054945055;610,9969696969698;3000;146,31008189783554;Batch-1;Recipe-A;250,0;70,0;Center Q1;2006241252478210;2340,0;599,7727272727273;613,0;640,1818181818181;634,1818181818181;628,7272727272727;617,0;601,0;471,1000061035156
12/02/2021 02:53:19;653,5919393939394;638,3708791208792;601,1298351648353;610,6723030303029;3000;146,23690358008656;Batch-1;Recipe-A;250,0;70,0;Center Q1;2006241251578207;2340,0;599,5217391304348;612,7826086956521;640,1666666666666;634,0909090909091;628,0;617,0;601,0;469,2000122070313
12/02/2021 02:53:43;653,536606060606;638,1979120879122;600,8457142857143;610,7156363636362;3000;146,24978858008654;Batch-1;Recipe-A;250,0;70,0;Center Q1;2006241251368206;2340,0;599,1818181818181;612,6363636363636;639,5909090909091;633,9565217391304;628,0;617,0;601,0;469,2000122070313
12/02/2021 02:54:52;653,1999393939393;637,6525824175824;600,3396153846154;610,2054545454546;3000;146,16175134978354;Batch-1;Recipe-A;250,0;70,0;Center Q1;2006241250428203;2340,0;600,25;613,4090909090909;641,0;634,0;628,1304347826087;617,0;601,0;469,6000061035156
12/02/2021 02:56:02;654,3924242424242;638,5987362637362;601,6911538461537;611,3564848484847;3000;146,4200574753247;Batch-1;Recipe-A;250,0;70,0;Center Q1;2006241249438200;2340,0;601,2608695652174;613,4782608695652;641,4347826086956;634,1739130434783;628,8260869565217;617,0;602,0;470,0
12/02/2021 02:56:26;654,957212121212;639,1534615384616;601,7591758241757;611,5481818181818;3000;146,4414948926407;Batch-1;Recipe-A;250,0;70,0;Center Q1;2006241249278199;2340,0;600,8181818181819;613,2173913043479;640,6521739130435;634,0;628,0;617,5217391304348;601,4545454545455;470,0
12/02/2021 02:58:00;654,6944242424242;638,4165384615385;601,7675274725274;611,9994545454547;3000;146,4721191099567;Batch-1;Recipe-A;244,0;70,0;Center Q1;2006241247178193;2340,0;600,5217391304348;614,0;642,0;634,8695652173913;629,0;617,4347826086956;602,0;469,6000061035156
12/02/2021 02:59:57;654,5517575757575;638,9064285714286;601,1873076923076;611,584606060606;3000;146,39982167012988;Batch-1;Recipe-A;244,0;70,0;;2006241245368188;2340,0;600,0;614,2272727272727;642,0;635,5217391304348;629,0909090909091;618,0;602,0;470,1000061035156
12/02/2021 03:00:43;655,0759999999998;639,5300549450549;602,2528021978022;612,334303030303;3000;146,5917039965368;Batch-1;Recipe-A;250,0;70,0;;2006241244598186;2340,0;599,5652173913044;614,0;641,3478260869565;634,8181818181819;629,2272727272727;618,0;602,0;469,8999938964844
12/02/2021 03:01:54;655,3039393939392;639,1770329670328;602,0773076923076;611,9785454545455;3000;146,5391413030303;Batch-1;Recipe-A;223,0;70,0;;2006241243258182;2340,0;599,9565217391304;614,0;641,0;634,5;629,0;618,0;602,0;469,7999877929688
12/02/2021 04:01:54;655,836909090909;640,0680769230769;600,1408791208789;612,0734545454545;3000;147,18962254662003;Batch-2;Recipe-A;150,0;70,0;Center Q1;2007081314397218;2350,0;599,7;614,0;641,3809523809524;634,8260869565217;629,0869565217391;617,6363636363636;601,7727272727273;470,7000122070313
12/02/2021 04:02:18;655,4489090909091;639,7539010989011;599,6557692307692;611,6563030303031;3000;147,11573292442745;Batch-2;Recipe-A;150,0;70,0;Center Q1;2007081314597219;2350,0;599,3181818181819;614,0;641,695652173913;635,0;629,0;617,9090909090909;601,2608695652174;470,7000122070313
12/02/2021 04:02:41;;;599,6576923076923;611,4882424242425;3000;;Batch-2;Recipe-A;150,0;70,0;Center Q1;2007081315217220;2350,0;599,5909090909091;614,0;641,4347826086956;635,3478260869565;629,0869565217391;618,0;601,0;470,7000122070313
12/02/2021 04:03:05;;;599,9363736263736;611,636303030303;3000;;Batch-2;Recipe-A;150,0;70,0;Center Q1;2007081315417221;2350,0;599,7142857142858;614,0;642,0;635,0;629,0;618,0;601,0;470,8999938964844
12/02/2021 04:08:11;654,7098787878788;638,9178571428571;598,9452197802198;611,1170909090907;3000;146,96528571487772;Batch-2;Recipe-A;158,0;70,0;Center Q1;2007081320467236;2350,0;600,0;614,0;641,8695652173913;634,8260869565217;628,8571428571429;617,6363636363636;601,0;470,8999938964844
12/02/2021 04:08:34;655,0224848484849;639,834010989011;599,8243956043956;612,0079393939394;3000;147,09418034030784;Batch-2;Recipe-A;150,0;70,0;Center Q1;2007081321067237;2350,0;600,0;614,0;642,2608695652174;635,1363636363636;629,0;617,1363636363636;601,0909090909091;471,1000061035156
12/02/2021 04:08:58;;;599,1907692307693;611,2220606060606;3000;;Batch-2;Recipe-A;158,0;70,0;Center Q1;2007081321497239;2350,0;600,2608695652174;614,0;643,0;635,4285714285714;629,0;617,7391304347826;601,0;471,3999938964844
12/02/2021 04:09:22;654,6678181818181;639,3308791208791;599,6446703296704;611,1293333333333;3000;147,013869532449;Batch-2;Recipe-A;150,0;70,0;Center Q1;2007081322077240;2350,0;600,0;614,0;643,0;635,7391304347826;629,4347826086956;618,0;601,1739130434783;471,7000122070313
12/02/2021 04:09:45;654,5353939393939;638,5635164835164;599,3201648351649;611,2678181818181;3000;146,9695631826692;Batch-2;Recipe-A;150,0;70,0;Center Q1;2007081322297241;2350,0;600,0;614,0;643,0;635,5454545454545;629,7727272727273;618,0;601,4761904761905;471,2000122070313
12/02/2021 04:10:10;654,6798181818183;639,0270329670328;599,459065934066;611,2074545454545;3000;146,98591084937283;Batch-2;Recipe-A;170,0;70,0;Center Q1;2007081322497242;2350,0;600,0416666666666;614,0;642,695652173913;635,9130434782609;629,9565217391304;618,0;602,0;471,2999877929688
12/02/2021 04:11:42;;;600,102032967033;611,9804848484847;3000;;Batch-2;Recipe-A;150,0;70,0;Center Q1;2007081324327247;2350,0;600,4545454545455;614,0;641,0;635,0;629,0;617,6666666666666;601,4166666666666;471,7000122070313
12/02/2021 04:12:07;;;599,6401098901099;611,5884848484849;3000;;Batch-2;Recipe-A;150,0;70,0;Center Q1;2007081324517248;2350,0;600,5;614,0;640,6363636363636;635,0;628,875;617,7727272727273;601,0;471,7000122070313
12/02/2021 04:12:54;654,7312727272728;639,2997802197802;599,093901098901;611,1812727272727;3000;146,9808687964258;Batch-2;Recipe-A;191,0;70,0;Center Q1;2007081325347250;2350,0;599,6086956521739;614,0;642,0434782608696;635,0;629,0;617,2083333333334;601,0;471,5
12/02/2021 04:13:17;654,6723636363636;639,2791758241759;599,1093956043958;610,9616363636362;3000;146,95043362271065;Batch-2;Recipe-A;204,0;70,0;Center Q1;2007081325547251;2350,0;599,0;613,5652173913044;641,0;634,6666666666666;629,0;617,1304347826087;601,0;471,2999877929688
12/02/2021 04:16:02;;;599,2852197802197;610,9909696969697;3000;;Batch-2;Recipe-A;190,0;70,0;Center Q1;2007081316227223;2350,0;599,9545454545455;614,2727272727273;641,5238095238095;635,0;629,0;617,5238095238095;601,6086956521739;470,7000122070313
12/02/2021 04:24:16;;;600,4684065934066;612,0347878787878;3000;;Batch-2;Recipe-A;190,0;70,0;Center Q1;2007081336587266;2350,0;599,0;614,7391304347826;641,8636363636364;635,4782608695652;629,8181818181819;618,7391304347826;602,0;468,8999938964844
12/02/2021 04:28:12;;;600,2117032967034;612,1815757575757;3000;;Batch-2;Recipe-A;190,0;70,0;Center Q1;2007081339047272;2350,0;600,0;614,0;641,5909090909091;635,2173913043479;629,4782608695652;618,0;601,0;469,5
12/02/2021 04:29:45;;;599,2456043956042;611,4655757575757;3000;;Batch-2;Recipe-A;190,0;70,0;Center Q1;2007081342177277;2350,0;599,304347826087;614,0;641,5652173913044;634,9545454545455;629,3809523809524;618,0;601,2083333333334;469,6000061035156
12/02/2021 04:31:20;654,693090909091;639,1634615384615;599,1182417582418;611,2431515151516;3000;147,0482515923336;Batch-2;Recipe-A;190,0;70,0;Center Q1;2007081344077282;2350,0;601,0;614,0454545454545;642,0;634,8695652173913;629,9565217391304;618,0;602,0;470,2000122070313
12/02/2021 04:34:52;;;600,1088461538462;612,1095151515151;3000;;Batch-2;Recipe-A;190,0;70,0;Center Q1;2007081347237292;2350,0;600,2608695652174;613,4782608695652;642,0;635,5652173913044;629,3181818181819;618,7272727272727;601,3809523809524;471,1000061035156
12/02/2021 04:37:37;;;599,4341208791209;611,2914545454546;3000;;Batch-2;Recipe-A;190,0;70,0;Center Q1;2007081349487299;2350,0;599,3636363636364;614,0;642,0;635,4347826086956;629,6818181818181;618,0;602,0;470,2000122070313
12/02/2021 04:38:00;;;599,6876923076924;611,5673939393938;3000;;Batch-2;Recipe-A;190,0;70,0;Center Q1;2007081350517302;2350,0;599,5416666666666;614,0454545454545;642,2727272727273;635,0;629,0;617,1904761904761;602,0;469,7999877929688
12/02/2021 04:38:23;655,1550303030302;640,2163736263736;600,2092857142858;611,7936969696971;3000;147,14098958225108;Batch-2;Recipe-A;190,0;70,0;Center Q1;2007081350087300;2350,0;599,8095238095239;614,0;641,4782608695652;635,0;628,9565217391304;618,0;601,9090909090909;469,7999877929688
12/02/2021 04:39:57;654,4312727272727;639,0979120879119;598,8562087912087;610,582606060606;3000;146,92382633875383;Batch-2;Recipe-A;190,0;70,0;Center Q1;2007081352427307;2350,0;599,6666666666666;614,0;641,8695652173913;634,8636363636364;629,0;617,2083333333334;602,0;469,2000122070313
12/02/2021 04:40:22;654,6827272727273;639,5281318681317;598,6530769230768;610,6189696969698;3000;146,91245587588335;Batch-2;Recipe-A;190,0;70,0;Center Q1;2007081353057308;2350,0;599,0434782608696;614,0;641,4761904761905;634,0;628,7391304347826;617,0;601,7619047619047;469,2999877929688
12/02/2021 04:43:30;;;599,7003296703298;611,2785454545456;3000;;Batch-2;Recipe-A;190,0;70,0;Center Q1;2007081356087317;2350,0;600,3913043478261;614,0;641,6666666666666;635,4347826086956;629,7727272727273;618,0;601,2727272727273;469,2000122070313
12/02/2021 04:44:17;;;599,4602197802199;611,0826666666667;3000;;Batch-2;Recipe-A;190,0;70,0;Center Q1;2007081357137320;2350,0;600,0;614,0;641,2727272727273;635,2608695652174;629,7826086956521;618,0;601,0;469,2000122070313
12/02/2021 04:45:05;;638,6853296703298;599,5702747252748;611,4756363636362;3000;147,04132751692754;Batch-2;Recipe-A;190,0;70,0;Center Q1;2007081354297312;2350,0;600,5238095238095;614,1304347826087;641,9545454545455;635,0869565217391;629,5909090909091;618,0;602,0;469,7999877929688
12/02/2021 04:47:02;654,9778181818183;639,5006593406594;599,3676373626374;611,027393939394;3000;147,051925517834;Batch-2;Recipe-A;190,0;70,0;Center Q1;2007081359457325;2350,0;600,0;614,0;641,3333333333334;635,3913043478261;630,0;618,0;602,0;470,2000122070313
12/02/2021 04:47:26;655,4193939393939;639,6976923076924;600,411978021978;611,8086666666667;3000;147,16537172653273;Batch-2;Recipe-A;190,0;70,0;Center Q1;2007081400027326;2350,0;600,0;614,4285714285714;642,2173913043479;635,6086956521739;630,0;618,0;602,0434782608696;470,2000122070313
12/02/2021 04:49:47;655,4072121212122;640,1482417582417;600,2322527472527;611,6927878787877;3000;147,12656368376068;Batch-2;Recipe-A;190,0;70,0;Center Q1;2007081402417334;2350,0;599,3478260869565;614,0;641,7272727272727;635,0;629,8636363636364;618,2272727272727;602,0;470,5
12/02/2021 04:54:28;;;600,3284615384615;612,4742424242424;3000;;Batch-2;Recipe-A;190,0;70,0;Center Q1;2007081407057347;2350,0;600,15;615,0;642,0;635,4347826086956;629,6521739130435;618,0454545454545;602,0;470,8999938964844
12/02/2021 04:54:52;;;600,1453846153846;612,271393939394;3000;;Batch-2;Recipe-A;190,0;70,0;Center Q1;2007081407267348;2350,0;601,0;615,3478260869565;642,0;635,4782608695652;630,0;618,0;602,0;471,2999877929688
12/02/2021 04:57:15;;;598,9597252747253;611,0715757575757;3000;;Batch-2;Recipe-A;190,0;70,0;Center Q1;2007081409527355;2350,0;600,0;614,1818181818181;642,7272727272727;635,5652173913044;629,6086956521739;618,0;602,0;470,2000122070313
12/02/2021 04:57:38;;;598,9685714285714;611,1254545454544;3000;;Batch-2;Recipe-A;190,0;70,0;Center Q1;2007081410147356;2350,0;599,5652173913044;614,0;643,0;635,9545454545455;629,7272727272727;618,0;602,0;470,0
12/02/2021 04:58:00;654,5441818181818;638,636043956044;599,6508791208793;611,7084848484849;3000;147,0603499039479;Batch-2;Recipe-A;190,0;70,0;Center Q1;2007081410517358;2350,0;599,4090909090909;614,1304347826087;643,4090909090909;635,5714285714286;630,0;618,4090909090909;602,0;469,7999877929688
12/02/2021 04:58:25;;;599,6546153846152;611,9558787878788;3000;;Batch-2;Recipe-A;190,0;70,0;Center Q1;2007081411107359;2350,0;599,695652173913;614,0;643,0416666666666;635,7619047619047;630,0;618,1428571428571;602,0;469,7999877929688
12/02/2021 04:59:12;654,3475151515149;638,8859340659342;599,1259340659342;611,277393939394;3000;146,99471375269178;Batch-2;Recipe-A;190,0;70,0;Center Q1;2007081411547361;2350,0;600,4782608695652;615,0;642,8;635,9090909090909;629,8947368421052;618,0;602,0;470,2000122070313
12/02/2021 05:00:45;655,0892727272727;639,5091208791208;600,0835714285714;611,8312121212123;3000;147,1077932841788;Batch-2;Recipe-A;190,0;70,0;Center Q1;2007081413347366;2350,0;600,4782608695652;614,2380952380953;642,1904761904761;635,5;629,4090909090909;618,0;602,0;470,5
12/02/2021 05:01:09;0,0;;599,928956043956;611,7709090909091;3000;;Batch-2;Recipe-A;190,0;70,0;Center Q1;2007081413507367;2350,0;600,1739130434783;614,0;642,3913043478261;635,0;629,5652173913044;618,0;602,0;470,7000122070313
12/02/2021 05:01:57;654,9929090909093;639,4974725274725;599,6075824175824;611,4507272727272;3000;147,06466733921636;Batch-2;Recipe-A;190,0;70,0;Center Q1;2007081414507370;2350,0;600,0;614,0;642,4090909090909;635,5217391304348;629,8181818181819;618,0;602,0;470,7000122070313
12/02/2021 05:06:16;654,4300606060607;639,2546703296704;598,7138461538461;610,6795151515151;3000;146,97053022501575;Batch-2;Recipe-A;190,0;70,0;Center Q1;2007081418557382;2350,0;599,5652173913044;613,3181818181819;641,8260869565217;634,8695652173913;629,0909090909091;617,3888888888888;601,0;469,6000061035156
12/02/2021 05:06:39;653,8212727272727;638,0203296703297;599,3251098901098;611,1355151515153;3000;146,9278634791135;Batch-2;Recipe-A;190,0;70,0;Center Q1;2007081419147383;2350,0;600,0;613,9545454545455;641,0;634,5;629,1363636363636;618,0;601,0;469,6000061035156
12/02/2021 05:08:14;;;599,1373076923078;610,7621212121213;3000;;Batch-2;Recipe-A;190,0;70,0;Center Q1;2007081420577388;2350,0;600,0;614,0;641,2272727272727;635,0;629,6666666666666;617,0;601,0;470,2000122070313
12/02/2021 05:09:00;653,608606060606;637,9958241758243;600,2136813186812;611,7036969696969;3000;146,98257510580154;Batch-2;Recipe-A;190,0;70,0;Center Q1;2007081421377390;2350,0;600,6363636363636;614,0952380952381;640,8571428571429;635,0;629,7826086956521;618,0;601,2608695652174;470,2000122070313
12/02/2021 05:09:24;654,2158787878788;638,4515384615385;599,9536263736264;611,2664848484848;3000;146,94909835370183;Batch-2;Recipe-A;190,0;70,0;Center Q1;2007081422007391;2350,0;600,4285714285714;614,9130434782609;640,6190476190476;634,6818181818181;630,0;618,0;601,5454545454545;470,6000061035156
12/02/2021 05:09:48;654,5249090909091;639,2979120879121;599,4308791208791;611,1646666666667;3000;147,00945569388023;Batch-2;Recipe-A;190,0;70,0;Center Q1;2007081422437393;2350,0;601,0;615,0;641,6086956521739;635,2173913043479;630,0;618,0;601,4347826086956;470,2999877929688
12/02/2021 05:10:11;655,0947878787878;639,6582417582417;599,4249450549449;611,1566666666666;3000;147,05640478721278;Batch-2;Recipe-A;190,0;70,0;Center Q1;2007081423007394;2350,0;601,0;615,0;642,0;635,0;629,7619047619047;618,0;601,5714285714286;470,0
12/02/2021 05:11:22;655,096909090909;639,5175824175824;600,3486263736264;611,8366666666667;3000;147,1316360962001;Batch-2;Recipe-A;190,0;70,0;Center Q1;2007081424037397;2350,0;600,4545454545455;614,5909090909091;641,55;635,0;630,0;618,0;601,0;470,0
12/02/2021 05:12:32;;;599,5025824175824;611,1655151515151;3000;;Batch-2;Recipe-A;190,0;70,0;Center Q1;2007081425217401;2350,0;599,0;614,1739130434783;641,4545454545455;635,0;629,5217391304348;618,0;602,0;469,2000122070313
12/02/2021 05:12:54;654,9483636363636;639,8677472527472;599,1965934065935;610,9647878787879;3000;147,01591365943315;Batch-2;Recipe-A;190,0;70,0;Center Q1;2007081425427402;2350,0;599,9444444444445;615,0;642,4347826086956;635,4347826086956;629,7391304347826;618,0;602,0;469,2000122070313
12/02/2021 05:13:19;;;599,8560989010989;611,2041818181817;3000;;Batch-2;Recipe-A;190,0;70,0;Center Q1;2007081425597403;2350,0;600,0;615,0;642,8095238095239;635,3181818181819;629,6521739130435;618,0;602,0;469,3999938964844
12/02/2021 05:13:43;654,884;639,9601648351647;599,8497252747253;611,1675757575757;3000;147,05413676897177;Batch-2;Recipe-A;190,0;70,0;Center Q1;2007081426227404;2350,0;599,8181818181819;614,9130434782609;642,7826086956521;634,9166666666666;629,5714285714286;618,0;602,0;469,7999877929688
12/02/2021 05:15:17;654,7910909090908;639,0850549450548;600,0224175824176;611,524;3000;147,07172465084915;Batch-2;Recipe-A;190,0;70,0;Center Q1;2007081428017409;2350,0;600,5217391304348;614,9565217391304;642,8095238095239;635,1818181818181;630,0;618,0;602,0;470,0
12/02/2021 05:15:40;655,3321212121213;639,8544505494506;599,6751648351649;611,6080606060607;3000;147,1180371930292;Batch-2;Recipe-A;190,0;70,0;Center Q1;2007081428187410;2350,0;600,1428571428571;614,3913043478261;641,5454545454545;635,0;630,0;618,3636363636364;602,0;470,0
12/02/2021 05:16:27;655,4290909090909;639,7872527472528;600,3953846153846;611,7864848484849;3000;147,1487733062123;Batch-2;Recipe-A;190,0;70,0;Center Q1;2007081429207413;2350,0;600,0;614,3636363636364;641,5652173913044;635,6363636363636;630,0;618,0;601,1818181818181;470,0
12/02/2021 05:16:49;655,1873939393938;639,6121978021977;600,4331318681319;612,1196363636362;3000;147,1583021062456;Batch-2;Recipe-A;190,0;70,0;Center Q1;2007081429417414;2350,0;600,0;614,5833333333334;642,4545454545455;636,0;630,0;618,0;601,6086956521739;470,5
12/02/2021 05:18:48;655,5791515151516;640,1734065934066;600,6787362637363;612,1836363636362;3000;147,1982547947423;Batch-2;Recipe-A;190,0;70,0;Center Q1;2007081424467399;2350,0;599,75;614,0;642,7826086956521;636,0;630,0;618,45;602,0;470,2000122070313
12/02/2021 05:19:11;;;599,9947802197803;611,6609090909092;3000;;Batch-2;Recipe-A;190,0;70,0;Center Q1;2007081422237392;2350,0;599,2608695652174;614,0;641,695652173913;635,0416666666666;630,0;618,6842105263157;602,0;470,2000122070313
12/02/2021 05:20:22;655,9042424242424;639,9319230769231;599,8746153846154;611,8169090909091;3000;147,19108857030008;Batch-2;Recipe-A;190,0;70,0;Center Q1;2007081414337369;2350,0;599,9565217391304;615,0;642,0;635,3636363636364;629,8181818181819;618,0;602,0;469,8999938964844
12/02/2021 05:21:33;;;599,6530769230768;611,550303030303;3000;;Batch-2;Recipe-A;190,0;70,0;Center Q1;2007081408127350;2350,0;600,0;615,0;641,0;635,3913043478261;630,0;617,9565217391304;601,0;470,5
12/02/2021 05:21:56;;;599,7615384615384;611,5370303030303;3000;;Batch-2;Recipe-A;190,0;70,0;Center Q1;2007081405467343;2350,0;600,0;614,952380952381;641,5652173913044;635,4090909090909;630,0;618,0;601,0;470,7000122070313
12/02/2021 05:22:20;;;599,3489010989011;611,3209090909091;3000;;Batch-2;Recipe-A;190,0;70,0;Center Q1;2007081402207333;2350,0;600,0434782608696;614,5909090909091;642,0;635,6521739130435;629,8636363636364;618,0;601,0454545454545;470,2000122070313
12/02/2021 05:23:07;654,4698787878788;638,6541208791209;599,8042307692307;611,4990909090909;3000;147,03443777898028;Batch-2;Recipe-A;190,0;70,0;Center Q1;2007081359087323;2350,0;600,6363636363636;614,45;641,7826086956521;635,695652173913;630,0;618,1904761904761;601,0;470,6000061035156
12/02/2021 05:23:55;654,9832727272727;639,5751648351649;599,0104945054945;611,2569090909091;3000;147,05682907581306;Batch-2;Recipe-A;190,0;70,0;Center Q1;2007081345437287;2350,0;600,6;614,0;642,0;635,5652173913044;629,8181818181819;618,0;601,4347826086956;470,1000061035156
12/02/2021 05:24:42;654,9370303030304;639,1953846153848;599,5662637362637;611,5552121212122;3000;147,05759302884152;Batch-2;Recipe-A;190,0;70,0;Center Q1;2007081437207418;2350,0;600,695652173913;614,2272727272727;642,0;635,0909090909091;629,6521739130435;618,0;601,0;469,6000061035156
12/02/2021 05:25:06;654,5303636363637;638,6207692307693;600,0686263736262;611,9903030303029;3000;147,07008025254376;Batch-2;Recipe-A;190,0;70,0;Center Q1;2007081437537420;2350,0;600,7142857142858;614,45;641,1904761904761;635,0;629,5;618,0869565217391;601,0;469,6000061035156
12/02/2021 05:26:39;655,5512121212122;640,1422527472528;599,0806593406594;611,0225454545455;3000;147,07411586432087;Batch-2;Recipe-A;190,0;70,0;Center Q1;2007081439167424;2350,0;600,0;614,7391304347826;642,0909090909091;635,0;629,3913043478261;617,695652173913;601,0;469,6000061035156
12/02/2021 05:27:03;;;599,2346703296704;611,2452727272728;3000;;Batch-2;Recipe-A;190,0;70,0;Center Q1;2007081439397425;2350,0;600,3809523809524;615,0;642,0;635,0;629,1304347826087;618,0;601,0;469,3999938964844
12/02/2021 05:28:13;655,0235757575757;639,5334615384613;599,2404945054944;610,6915757575757;3000;147,0008125996041;Batch-2;Recipe-A;190,0;70,0;Center Q1;2007081440487429;2350,0;599,0;614,0;642,1304347826087;635,1304347826087;629,7826086956521;618,0;601,4782608695652;469,2999877929688
12/02/2021 05:28:37;655,0810909090909;639,526978021978;599,2077472527473;611,04;3000;147,0384643749029;Batch-2;Recipe-A;190,0;70,0;Center Q1;2007081441127430;2350,0;599,0;614,0;641,7142857142858;635,0;629,0;618,0416666666666;601,7272727272727;469,2000122070313
12/02/2021 05:31:46;;639,1175824175824;598,6972527472527;610,7455757575758;3000;146,95129741356791;Batch-2;Recipe-A;190,0;70,0;Center Q1;2007081439597426;2350,0;601,0;614,0;641,8;635,0;629,2;617,1739130434783;601,0;469,8999938964844
12/02/2021 05:32:09;;;598,4053846153846;610,3346666666666;3000;;Batch-2;Recipe-A;190,0;70,0;Center Q1;2007081437367419;2350,0;600,5714285714286;614,0;641,125;635,0;629,0;617,6521739130435;601,0;469,6000061035156
12/02/2021 05:33:19;654,203393939394;638,6577472527473;598,4550549450548;610,2398787878789;3000;146,87215633044735;Batch-2;Recipe-A;190,0;70,0;Center Q1;2007081446047439;2350,0;599,4285714285714;613,5217391304348;641,304347826087;634,9565217391304;629,0;617,5909090909091;601,0;470,5
12/02/2021 05:34:53;653,9286060606062;638,6866483516483;599,5681868131869;610,9932727272727;3000;146,91156232288083;Batch-2;Recipe-A;190,0;70,0;Center Q1;2007081447277444;2350,0;600,3809523809524;614,0;641,7727272727273;634,7391304347826;629,0;617,5;601,0;470,2000122070313
12/02/2021 05:37:16;654,8181212121211;639,6137362637363;599,6731868131867;611,2643636363636;3000;147,04416839712138;Batch-2;Recipe-A;190,0;70,0;Center Q1;2007081449567451;2350,0;600,5714285714286;615,0;641,0;634,9565217391304;629,7826086956521;618,0;601,5;470,0
12/02/2021 05:38:26;655,2924848484851;640,156978021978;598,7029120879122;610,6946666666666;3000;147,0313568895919;Batch-2;Recipe-A;190,0;70,0;Center Q1;2007081451147455;2350,0;599,5652173913044;613,9130434782609;641,5652173913044;634,7826086956521;629,695652173913;618,0;601,0952380952381;470,2000122070313
12/02/2021 05:39:12;654,4789696969698;639,3641208791207;599,5803846153848;611,1547272727273;3000;147,0099471609872;Batch-2;Recipe-A;190,0;70,0;Center Q1;2007081451527457;2350,0;599,4782608695652;613,7391304347826;641,0;635,0869565217391;629,7142857142858;618,0;601,0;470,2999877929688
12/02/2021 05:41:10;;;600,2674175824176;611,8674545454546;3000;;Batch-2;Recipe-A;190,0;70,0;Center Q1;2007081453547463;2350,0;600,0;613,9565217391304;641,0;635,0;629,0;618,0;601,4090909090909;469,2000122070313
12/02/2021 05:41:34;;;599,6748351648351;611,5181212121213;3000;;Batch-2;Recipe-A;190,0;70,0;Center Q1;2007081454147464;2350,0;600,0869565217391;614,0454545454545;641,1904761904761;634,8260869565217;629,7391304347826;618,0;601,375;469,2000122070313
12/02/2021 05:42:22;655,6235757575757;639,9978571428572;599,4528021978023;611,5692121212121;3000;147,15575052551156;Batch-2;Recipe-A;190,0;70,0;Center Q1;2007081455127467;2350,0;601,4285714285714;615,0;642,7727272727273;635,0434782608696;629,952380952381;618,0;601,0;469,6000061035156
12/02/2021 05:42:45;655,2853333333334;639,7323076923077;599,7490659340658;611,5956969696971;3000;147,1100702643653;Batch-2;Recipe-A;190,0;70,0;Center Q1;2007081455307468;2350,0;601,0434782608696;615,0869565217391;642,1304347826087;634,8260869565217;629,3636363636364;617,8636363636364;601,0;469,7999877929688
12/02/2021 05:45:06;;;599,2605494505494;611,3357575757576;3000;;Batch-2;Recipe-A;190,0;70,0;Center Q1;2007081457537475;2350,0;600,0;615,0;642,5652173913044;634,5217391304348;629,5714285714286;618,0;601,0;469,7000122070313
12/02/2021 05:45:30;;;599,8105494505494;611,3397575757575;3000;;Batch-2;Recipe-A;190,0;70,0;Center Q1;2007081458137476;2350,0;600,0;614,4583333333334;642,9090909090909;635,5;629,6521739130435;618,0;601,0;469,7999877929688
12/02/2021 05:47:03;;;599,4318131868131;611,4332727272728;3000;;Batch-2;Recipe-A;190,0;70,0;Center Q1;2007081459507481;2350,0;599,0;614,0;642,5416666666666;635,0;630,0;618,0;601,0;469,7999877929688
12/02/2021 05:48:14;0,0;639,6781318681317;598,4604395604396;610,6915757575757;3000;147,0081471976727;Batch-2;Recipe-A;190,0;70,0;Center Q1;2007081501087485;2350,0;599,0;614,0;641,0;634,9047619047619;629,5909090909091;618,0;601,0;470,1000061035156
12/02/2021 05:48:37;655,1562424242425;639,6124725274725;598,9271978021977;611,1403636363636;3000;147,04571630256777;Batch-2;Recipe-A;190,0;70,0;Center Q1;2007081501267486;2350,0;599,3478260869565;614,0;640,7826086956521;635,0;629,12;617,9130434782609;601,0;470,2000122070313
12/02/2021 05:49:47;654,4809090909091;639,3335714285714;598,5905494505495;610,7527272727273;3000;146,96190622932622;Batch-2;Recipe-A;190,0;70,0;Center Q1;2007081502257489;2350,0;599,5;614,0;641,0;634,7272727272727;629,4347826086956;618,0;601,0;470,2000122070313
12/02/2021 05:51:22;;;599,1325274725275;611,1592121212121;3000;;Batch-2;Recipe-A;190,0;70,0;Center Q1;2007081504027494;2350,0;600,3636363636364;614,0;641,2173913043479;634,6363636363636;629,3913043478261;618,0;602,0;470,0
12/02/2021 05:54:29;;;599,052967032967;611,1511515151516;3000;;Batch-2;Recipe-A;190,0;70,0;Center Q1;2007081507097503;2350,0;599,5;613,7826086956521;641,9545454545455;635,0869565217391;629,1428571428571;618,0;601,0;470,5
12/02/2021 05:55:18;654,3270909090909;638,4126373626374;599,7593956043956;611,445696969697;3000;147,01405005908904;Batch-2;Recipe-A;190,0;70,0;Center Q1;2007081508077506;2350,0;600,0;614,0;642,0;635,5652173913044;629,3333333333334;618,0;601,0;471,1000061035156
12/02/2021 05:58:03;;;599,0695054945055;610,7686666666667;3000;;Batch-2;Recipe-A;190,0;70,0;Center Q1;2007081510457514;2350,0;600,4090909090909;615,0;641,695652173913;635,2727272727273;629,8181818181819;617,9565217391304;601,0;469,6000061035156
12/02/2021 05:58:50;;;598,7756593406592;610,8101212121213;3000;;Batch-2;Recipe-A;190,0;70,0;Center Q1;2007081511297516;2350,0;600,7826086956521;615,0454545454545;641,6521739130435;634,7826086956521;629,1304347826087;618,0;601,0;469,7999877929688
12/02/2021 05:59:59;;639,4136813186813;599,2212087912087;610,6963636363638;3000;146,99524892178195;Batch-2;Recipe-A;190,0;70,0;Center Q1;2007081512517520;2350,0;600,2272727272727;614,6363636363636;642,4347826086956;635,5217391304348;629,695652173913;618,0;601,0;469,3999938964844
12/02/2021 06:00:23;654,716909090909;639,1016483516484;599,128956043956;610,3306060606061;3000;146,94897574451474;Batch-2;Recipe-A;190,0;70,0;Center Q1;2007081513107521;2350,0;600,5217391304348;614,6086956521739;642,1739130434783;635,0454545454545;630,0;618,0;601,0;469,3999938964844
12/02/2021 06:01:57;;;599,3731868131867;610,9041212121213;3000;;Batch-2;Recipe-A;190,0;70,0;Center Q1;2007081514537526;2350,0;600,5217391304348;615,0;643,0;635,2272727272727;629,695652173913;617,1304347826087;601,0;470,0
12/02/2021 06:03:32;;;599,9489010989009;611,366303030303;3000;;Batch-2;Recipe-A;190,0;70,0;Center Q1;2007081516177530;2350,0;600,5454545454545;615,0;642,7826086956521;635,0;630,0434782608696;618,0;601,1304347826087;469,7999877929688
12/02/2021 06:03:56;;;600,0184615384616;611,6719393939394;3000;;Batch-2;Recipe-A;190,0;70,0;Center Q1;2007081516367531;2350,0;599,7826086956521;614,695652173913;642,0;635,5454545454545;630,0;618,0;601,5652173913044;469,6000061035156
12/02/2021 06:06:17;655,2878181818181;640,0968681318683;599,9650549450548;611,3949090909091;3000;147,11784595587747;Batch-2;Recipe-A;190,0;70,0;Center Q1;2007081518587538;2350,0;599,4090909090909;614,0;642,375;635,1739130434783;629,9090909090909;618,0;601,7272727272727;470,5
12/02/2021 06:11:23;655,4957575757576;640,2836813186814;600,0782417582417;611,8684848484849;3000;147,18416345497096;Batch-2;Recipe-A;190,0;70,0;Center Q1;2007081514337525;2350,0;599,8571428571429;614,1818181818181;641,7272727272727;636,1428571428571;630,0;618,4545454545455;601,0;470,7000122070313
12/02/2021 06:13:44;;;600,0747802197802;611,9769090909091;3000;;Batch-2;Recipe-A;190,0;70,0;Center Q1;2007081500457484;2350,0;600,0;614,0;640,8636363636364;635,0;629,7826086956521;618,0;602,0;469,6000061035156
12/02/2021 06:14:30;655,7997575757578;640,3134615384615;599,0862637362637;611,2392121212122;3000;147,13204567458467;Batch-2;Recipe-A;190,0;70,0;Center Q1;2007081457157473;2350,0;600,4347826086956;614,8636363636364;642,0;635,0;629,7727272727273;618,0;602,0;469,6000061035156
12/02/2021 06:16:52;;;599,1720879120878;610,9133333333333;3000;;Batch-2;Recipe-A;190,0;70,0;Center Q1;2007081529327551;2350,0;599,0869565217391;614,0;641,3913043478261;634,5416666666666;629,0;618,0;602,0;468,7000122070313
12/02/2021 06:18:04;;;598,8608791208793;610,6958787878788;3000;;Batch-2;Recipe-A;190,0;70,0;Center Q1;2007081530377555;2350,0;599,0;614,0;642,0;635,2608695652174;629,3809523809524;618,0;601,0;469,5
12/02/2021 06:22:21;654,9766666666667;639,1554395604395;599,6058791208791;611,4358181818181;3000;147,04667248137048;Batch-2;Recipe-A;190,0;70,0;Center Q1;2007081341287274;2350,0;600,4347826086956;614,0;641,6521739130435;635,3636363636364;629,0;618,0;601,0;469,6000061035156
12/02/2021 06:23:09;655,3557575757576;639,8866483516482;599,9908241758243;611,7147878787879;3000;147,11731022682872;Batch-2;Recipe-A;190,0;70,0;Center Q1;2007081017036763;2350,0;600,0;614,0;641,8260869565217;635,6086956521739;629,0;617,6190476190476;601,0;469,6000061035156
12/02/2021 06:25:54;;;598,9225274725275;610,6007878787879;3000;;Batch-2;Recipe-A;190,0;70,0;Center Q1;2007080423075864;2350,0;598,6521739130435;613,4285714285714;640,5416666666666;634,2608695652174;629,0;617,0;601,0;470,2000122070313
